f1,f2,label
1.3881026608320775,0.5410000588948732,1
0.2574983622154961,1.0343412763775417,0
0.48123176844832627,-0.17520907289519,1
-0.9258972214983355,-0.2218779263998804,0
0.7838369740247637,-0.48628720069715636,1
-0.2761961848610798,-0.4281178163913567,1
-0.3813532572683337,0.5307433418784618,0
1.5259221057582355,-0.3862052700554238,1
0.850527318346505,1.0336866454510978,0
0.6257916587632115,-0.17785946231425848,1
1.3966468783876789,0.2707121068624744,0
0.28918219243838705,-0.373088243546435,1
0.03942288073120045,0.12248989161439647,1
0.02843780295451015,0.9856793230176588,0
0.677554571991581,0.8908389671508793,0
0.6802442804878536,-0.038312948151175585,0
-0.3333119948049724,0.8528920267862182,0
1.3192782785348522,-0.7667580985570785,0
2.2799287246525433,-0.4515755749473251,1
2.3383127015254743,-0.36194909653528873,1
-0.2765172978938696,0.43180750792393047,0
1.2450357173538964,0.39645954994471555,1
1.9221253889570442,0.5303981000880965,1
0.38189808503775374,0.44021318576019164,1
2.030993483559758,0.4061990174887539,1
1.9132935396244366,0.28327650079334926,0
0.23473277360443087,0.38661399800092255,1
-0.5517384982556587,0.5846558337666523,0
-0.5400099762739159,0.14874891117135491,0
1.649217012827778,-0.3674671345208344,0
-0.2721360776898655,0.6177467913824622,0
-1.0107349131043084,0.30360444688556143,0
-0.09748047998033971,1.14289018213285,0
-0.3129547806918497,0.466710286679642,0
-0.06618321944281931,0.6367013128484513,1
0.6308247952340542,0.49686560088538106,0
1.5765437527697355,-0.1608264086051439,1
0.26878840048288954,0.2595690864095541,1
-0.030089295070911487,0.3073933960100298,1
0.6283646028321751,0.7227255425153702,0
0.4864190078622443,-0.19588055491412115,0
2.612278093466072,-0.06327594796490393,1
0.30776480399319356,-0.1514751531470574,0
-0.5212317701866771,0.4348344294531513,0
1.870558441752923,-0.0729610396244389,1
-1.1276126271882134,1.4239420403535263,0
0.3691228509857809,0.8697893208669397,0
-1.94052582201404,1.2554403995309724,0
0.42003973136369765,-0.4398014325381114,0
1.7436501060960574,0.5335485010013905,1
1.6557352543681914,-0.26921807146164145,1
0.9510970792268245,1.0423315602797205,0
1.1485348362505081,-0.37543215735242774,1
0.8275567816876054,0.5933464307564064,0
-1.26180052092436,0.16699285254612076,0
1.0113429142612376,-0.2645478494782976,1
-0.11521300452413058,-0.6356415330270309,1
1.6513157311117581,0.24172777305157733,1
0.526691904353007,-0.6698027129974609,1
0.026054351582384505,1.2829482379721757,0
0.5237659265175032,-0.5863828629491465,1
-0.3122964986913709,0.4592071083846066,0
1.4150066802386925,-0.9614992252637912,1
-0.20163520198488818,0.35167088927794043,1
1.3620905562076722,0.638462002505442,1
1.8800615485770005,0.26099164436824795,1
-0.9097223959944755,0.5833840646682553,0
1.0893888956992939,-0.6709897086461807,1
0.9886116219988219,0.5593393549402239,0
0.9802449334901503,-0.48299081571452646,1
0.5734936269110862,-0.7544877566738728,1
-0.20282095686774992,1.633467460885622,0
0.1797127372948366,-0.7236490688532153,1
-0.2729788165753874,0.6889689304559274,1
-0.8377564329805743,1.1933026352102163,0
0.25491103385968444,0.963126802622832,0
1.044546178028847,0.4325340321876773,1
-1.2609157077186597,0.7423119660070266,0
0.6553577434504907,1.0812264674807683,0
1.7699094204788668,-0.08823292313075339,1
0.9940751591434932,0.15648734009369486,0
-0.5163895548434456,1.3160680536498381,0
0.7251383997047653,-1.0465753029080875,1
1.1383353583264282,0.5470759820495192,1
1.245001199497441,0.3315650660742624,1
1.5909754398927691,-0.718221736840232,1
2.0343863545244343,0.560524614245457,1
-0.08409074376811623,0.9162830451553168,0
0.4016449494310702,0.36717010111157095,0
1.1876824879714238,-0.8839133198359299,1
1.1903776629948317,-0.7922460988568254,1
1.7541890881063804,-0.8730305637341754,1
0.9221021723261089,0.9468403189102317,0
-0.20286108072429554,0.9536197583059693,0
2.4263837343108596,-0.3376695266028209,1
2.535839471987474,0.1689699325054263,1
-0.7406123792598542,0.8663312355892735,0
0.4799755522772189,-0.13849471717937478,1
1.2233641594680156,-0.8682385330994934,1
2.0449670947838565,-0.2777018849445003,1
-1.010619431777228,-0.10350348715706548,0
-1.29403397359838,0.5133045748686426,0
0.6564162693452853,1.2191794208447095,0
0.16699512809181155,-0.5447794867581948,1
1.215841691753662,0.7394896826191508,0
-0.0019056850900993627,0.5258025305679989,0
-0.29311702501803033,0.8054103872733622,0
0.74648955622931,0.6598792843723675,0
-0.0602537925061869,1.3218346043376015,0
-0.4538802915787251,0.4577310720680874,0
-1.488262564072488,0.8603229160342061,0
0.30819723999775195,-1.3292841900831118,1
0.1637319514737049,1.3686225116912476,1
1.7873217148243683,0.22196757551399465,1
-0.6957200234198347,0.645541229207324,0
0.7287860113582086,0.8163958198042468,0
0.1589580635995657,0.31040540758609697,1
-1.2638954350525724,0.4784890416778159,0
0.37740960331966344,0.5920391493338892,0
1.5403207582410516,-0.8048545653102784,1
1.8652653308793719,-0.023932310639260525,1
0.44075969871292836,0.5769104217229083,1
0.046068797828309464,0.4969334692792782,1
0.5733782129075029,1.2229745494990454,0
0.3328294998819212,0.4197039124407651,0
0.7196642327360623,-0.6114172713953606,1
-0.13239845166048478,0.9189864068112458,0
-0.9148629520619845,0.5598006144369764,0
0.15040009503173815,0.12424866695257947,1
0.43338808603304435,0.12297470063143467,0
1.5692198995850264,0.11516193685358173,1
1.4386419876960255,0.354021933003153,1
-0.0830363687128387,1.2061888655474653,0
-0.1780138923941103,1.5919904264468188,0
-0.7546941869169079,0.4458045609813901,0
-0.009380325789845267,-0.2661813105339447,1
1.8425494581725392,0.5021749953235741,1
2.020855570342383,0.20989944478581826,1
1.7617970149293585,0.16668734657379247,1
1.5193061615520749,-1.08418344087116,1
-0.5750123884809405,0.04084153085493608,1
0.024891349892310344,0.7305964143500141,0
1.031954789576256,-1.0868175788164467,1
-0.6920347507746667,0.7212862763275258,0
0.9769999185181671,-1.5146298519911725,1
-0.3142652750339968,1.1521253326950311,0
-1.0585353388287997,0.9576167509204401,0
0.30763442246206807,0.004342958267386732,1
0.7911873600971314,0.27966929739171714,0
1.4082661017485736,0.30506356559946185,0
1.5709965768643424,-0.6865543688530116,1
-1.1649766315967474,-0.1973313214822026,0
-0.4303338421324701,1.617189029536645,0
-0.3961412998019388,-0.6764101592800168,1
1.1575278727891272,0.7385667107380629,0
0.6435993949241691,0.8278631232024232,0
-0.41279657826723515,1.715752845886391,0
1.7901116262578034,-0.5499744545652072,1
0.603344924502386,0.7234360791140193,0
1.724437660607392,-0.2842512512994194,1
0.00984267013811091,1.4842720588714866,0
-0.855572653467986,0.1945421705459161,0
1.1258140049648715,0.06501709664137356,0
0.9354253777450896,0.061438070533620597,1
1.8459703073363247,0.448414092165667,1
0.3497430549848929,-0.8824205434096848,1
2.1384763563652887,-0.5155039500865134,1
-0.14289287963065606,0.024996012032652642,1
1.2620987671442856,0.9034905778332063,0
2.1438741129407624,-0.4692739486101567,1
-0.4983617677795146,0.7320580659719448,1
-0.6640487986797057,0.744533502373799,0
2.5194289370508027,0.5690089518640473,1
2.056898575213537,0.8810538012429457,1
0.017323066455525782,1.3326573614796202,0
0.49849796640160193,-0.2440922261880084,1
-0.1646689529545663,0.8337979075584068,0
0.7483477203007051,0.044730151915143235,1
-1.0697101230903767,0.04736270566756545,0
1.0434762229439034,-1.173734910159005,1
1.1809005406906405,-0.7083375411442719,1
-0.8704729630123216,0.5125888479826486,0
1.965296455235702,0.28733866265550206,1
0.5318582053200122,-0.3164273726338487,1
-0.8900386219695097,0.6807980662900279,0
-0.7190950548079473,1.4278412722944016,0
2.195989487773622,0.7656522563368087,1
1.7459689498839297,0.09256826776097632,1
0.2456640417003364,-0.5813102374007757,1
0.3999289327123591,-0.41052868057037817,1
-0.5282293910315453,1.1830437410618326,0
1.1559879519635357,0.759180935947149,0
0.7682498620781918,0.24612732118694425,1
0.843848764223781,1.7048816064777719,0
1.2143551385637972,-0.5508220517661109,0
0.4189911553136518,1.1455179430934788,0
0.5699227510773558,0.44504274502361246,1
-0.9545896084893462,-0.0521962840588418,0
-0.6552521321728888,0.4802943934233675,0
0.929037539383263,-0.2514827332849161,1
2.5892634169963165,0.2690198833378047,1
-0.5615923408812463,1.1743706702383931,0
1.334277395957307,0.2736833987341255,0
-0.6927738255021517,0.7749432844659958,0
-0.04831225412201956,1.223382520353694,0
0.6865033453781634,0.8460073133774774,0
0.5586306056646315,-0.6712462308279186,1
0.7944092414988897,-0.5182862524387055,1
0.7103468925320353,0.1433205842864537,1
1.0872592912237307,0.445302244669823,0
1.1760089195582573,-0.8732203985366501,1
0.37017612213328877,0.7018585828385782,0
0.39392649539711366,1.8120642816999322,0
0.6045674838091654,0.6311870975404569,0
0.024742100665949396,1.6083002722213184,0
2.6600892420674955,0.4338375141664508,1
0.501005168268003,0.3193865674740064,1
0.7531042133468383,0.6766590894109006,0
-0.0677011925651071,0.9643722653509738,0
0.21433623975024074,-0.3777570977801318,1
-0.6979955913691631,0.597410224173295,0
0.8513458525512936,1.1690877919224754,0
-0.7040860216054042,0.8914469995242624,0
-0.19924823201539815,-0.65564828876997,1
1.8006833472720716,-0.10083264970638403,1
2.5845612361303103,0.5493372217951492,1
-0.20207065092282664,1.7198499616668839,0
1.4393727697504666,0.5421551427763152,0
1.3763770717792152,-0.7680484776981698,1
0.1768341103844694,1.3809668204755379,0
2.7354916958959015,0.9266427662758109,1
0.5745322928630716,0.19010993743750726,0
1.580661782321713,-1.058904883958452,1
1.1214053231844443,-0.5590101303872144,1
1.5935928900903613,-0.7636514037585241,1
0.6751892460262575,0.669719576859855,0
-0.46436422282664175,-0.7337108097881689,1
-0.9506985828061628,1.0509207819935664,0
1.2114941544108337,-0.5743441753327926,1
-0.40523452667601817,1.1739118391257242,0
-1.0924273699917135,0.8415839788523715,0
1.4365685642835835,-0.0007228040436617067,1
-0.16083844645014206,0.9112101868127339,0
-1.3087304025398152,-0.042442951343721724,0
0.5836916224264986,-0.29852116986739213,1
1.3007499878148425,0.03254153885420069,0
-0.26339434016429886,0.4010520598668459,0
1.9725058439967935,0.007374577103972602,1
-1.7946674424486069,0.9187927253098127,0
0.733460742824608,-0.44015916145001643,1
0.02687540083282329,0.6937970692428987,1
-0.050798079213993486,0.6070797834273102,0
0.36674658030840557,-0.3110318306565686,1
0.18184564433942013,0.4552899931788812,0
0.9483134015502453,-0.48545834518936964,1
-0.6183675603876928,0.7322210458186162,1
-0.5137288518267973,0.6514231976760864,0
-0.28385843398390637,1.3908202292313403,0
1.5426663324865,0.20938100136368615,1
0.4991306958217566,0.037050546203314105,1
1.0406436823687908,0.09602604974525822,0
1.6309160106200669,0.2612393996100838,1
0.566085307589686,-1.068078355545675,0
1.2922784285349056,-0.1314806527058896,1
-0.9397930413565503,-0.007482445716214314,1
1.442944792157749,0.3422512706646398,1
0.45852122788783667,0.6017246816579146,0
0.7983175499442364,1.0403884955756943,0
0.5446754826324116,0.27621981797379624,0
-0.17923990798552444,-0.04723192987219832,1
0.6357346007721341,0.2392916797957887,1
2.1238517763862266,0.2954684353172454,1
-0.10257366162545545,0.374623548288086,0
1.734837567937412,-0.4554650583824293,1
1.9220974202984626,1.6705255617665853,1
2.1127395210882174,0.08319066583669588,1
-0.5110852163608909,1.399607524388461,0
0.2559874342108322,0.4022440476207394,0
1.3409644890545764,-0.7669004018778276,1
1.523388328503409,1.0651202022126807,0
1.797621812088349,0.7971184039489544,1
0.9188614819004993,-0.1530108874410514,1
-0.20507222439762618,0.5784233397996641,0
0.37849395419673143,-0.01938096242738968,1
0.2816169072745687,-0.47287257175966446,1
0.6007878355742535,0.3539164330408767,0
1.4171118480584592,0.37884995125595994,0
1.6243575364231955,0.27610365473354026,1
0.9419087278398808,0.408503483375976,0
0.44805670190243635,0.6590177826966939,0
0.2739622592403247,0.13536870680385643,1
1.7647688556601013,0.5787426008091747,1
1.024249190476575,-0.3478944085003418,1
1.4242026721456578,-0.5793353440204412,1
-0.14839565670142013,0.840726130669038,0
0.6129461849783377,1.3651096129484102,0
0.5873866823099073,0.5969927563765375,0
2.1635913123610067,-0.3183016234951563,1
1.0149152648978226,-0.2472083506290978,1
0.744821184784893,0.9649746555191833,0
-0.6532202751793688,0.7654255799060034,0
1.3078231924965815,0.4554246375722315,0
1.87055616756987,0.09521066584527452,1
0.5776496692715948,-0.8330344206155516,1
-0.12592418167230912,0.5066038981598485,0
2.455383973656758,0.8595928663020884,1
0.5436995579601375,-0.1902446855490978,1
0.6238609387316565,-0.3528584149425888,1
-1.3425335060282193,0.3234844639255392,0
0.5239371653307536,0.5692739917122518,0
-0.14517864935672742,0.298182741875164,1
1.4685984915798505,-0.5383206461487821,1
0.4829673194721167,-0.3494550361849057,1
-0.6483922433380344,-0.45985440053302945,0
0.08523913002156139,1.0144750892112258,1
-0.44571542187784097,0.7278625715488869,0
1.3637056813129067,-0.41558358068094975,1
1.3509313097051496,-0.2818803868886208,1
2.08239823666855,0.38390515064489383,1
1.3930130637697347,-0.5699093426034197,1
1.2594718308679171,0.8978801119307398,0
1.500390435967129,-0.7226981555090302,1
1.3064894922160497,0.45592709020988526,0
-0.2897097477552475,1.1540418123464309,0
-1.2137307814998906,-0.007914454838546036,0
-0.04085604543932425,1.0610076249238347,0
2.256095560881105,0.09213075580780983,1
-0.12641451328570566,0.8395814272380144,0
1.6596103052312847,-0.18521829585463293,1
-1.0983039673757182,1.124057935448275,0
-0.022187442321046136,1.3045793000660175,0
-0.10962521468162853,1.7018070482760905,0
0.9687584359617347,-0.6380348767185472,1
-0.09414036556962123,0.8749909975648442,0
0.7952689843379099,0.23330375244179413,0
1.2555650238651346,-0.6630692361157807,1
0.7848476936177039,1.5986839484779358,0
0.7937081239979479,0.48198028879480176,0
0.09382200027635276,0.6079986326290445,1
1.346648657563558,-0.10111828495530806,1
1.15793348158791,-0.2722433867272219,1
0.6628543936703161,1.2099896003676005,0
0.8734819087291585,0.4738202911451906,1
-1.1268684224557775,-0.23089206615497648,0
0.06811121224389266,1.5401214166346149,0
1.2558315311746941,-0.06932193841893602,1
1.0979208346037725,1.4174714541319027,0
2.6338711076228423,0.587709063491189,1
1.0631871982367507,-1.1402412225879366,1
-1.09624518084101,-0.27130714449985577,0
1.7207295761162495,0.4526133932428677,0
0.10428705229798743,1.2190802222867094,0
0.7457357054285687,0.2156399069356678,1
1.0914824331848927,-0.3623862586148619,1
0.6291316727272065,-0.1507797401855125,0
-0.5525280573787418,0.9366297558638119,0
1.6275765289259259,-0.37790402611266555,1
1.1350663470769893,-0.2497361525342612,1
0.025255372607290494,-0.12386664182066831,1
0.19748808976086482,-0.6325295778567782,1
-0.07810073878433399,0.698097997522594,0
0.6331067238541367,1.3990437366951889,0
-1.5378860931373846,0.6619196852261466,0
0.7555496096792554,0.8414682852222062,0
-0.3337737294633339,0.6071743271840186,0
-0.03811649807418055,0.6775760233177086,0
2.052486705832435,-0.27442596673968644,1
1.2901288234802237,0.8239503743869538,0
-0.09934580479873972,-0.6835615165455016,1
-0.05119099564472074,0.1086481645434133,0
1.243220487970693,-0.2871679892774581,1
1.183506817221701,0.27993956613007526,1
0.7846608752009092,0.2678591377317871,0
2.3242372546789394,0.12492040106948477,1
1.1793909735487569,-0.814466402481604,1
0.33764014802929077,-0.7677892824191447,1
-0.023168142309761407,0.6032485611776727,0
1.6694533071176025,-0.16119811579403892,1
1.8728641475359529,-0.030192753213166224,1
0.8814399087419988,-0.3057693270948641,1
0.43994243858440635,0.07207798424369438,1
-0.9780476654574939,0.3525133829725299,0
0.5245973520432623,1.0637341430251976,0
1.9028815134841954,-0.23832406711266327,1
0.5968825086944838,-0.3428148833743483,1
-1.1966240107911357,0.7169828091974753,0
-0.07457594947910057,0.9148736291291304,0
0.734832617726052,-1.2296274935605482,1
-0.5688871767840353,0.9741126597238841,0
1.159710052531964,-0.9064737869043958,1
2.2823394598654594,-0.47713354432835764,1
1.8658395770383307,-0.20745123383409475,1
-0.11278122597130955,1.6994517466972985,0
-1.1404868526416787,1.1162526177789913,0
0.29195220490672963,0.7258722738592813,0
-0.43730326570898137,0.006698859531778206,0
0.4884815895638642,-0.17489385007500285,1
1.630227352715746,0.09479521814172409,1
0.9990487851204182,0.032262536806405895,0
0.4103296679480329,0.3287781327911544,0
-0.5822334365574362,0.5480145730993362,0
0.2920651947527816,0.520771375301947,0
-1.2863063514243245,0.4503362311218888,0
-0.6922734554659802,1.1341603945065455,0
0.7715338743998459,1.5271843075521319,0
-0.1893540606578279,0.15218038118558264,1
1.3266197784290656,0.1745072411937878,1
0.796408605740097,1.5581081537343264,0
-0.4913472748614915,0.19388525174405777,1
0.2609859303775683,-0.07303262695593815,1
-0.5985717665762411,1.1311457280327615,0
-0.8665737303520427,0.7301671591327918,0
1.9512599306906193,-0.17793308343087758,1
-1.1579664938642462,0.13754121430231916,0
0.939832031382238,0.07342142036870802,0
0.6096783422220687,0.1814693558863979,1
0.9106094170452292,0.6091815143613845,0
1.26594817636616,0.02616713188514541,0
1.2815810450585425,0.7310532740855108,0
1.7448962476773953,0.06317751675693131,1
-1.0841612988497007,0.439369683257984,0
0.025150943079099652,0.9216259933653476,0
1.2654064879903675,0.488551775015037,1
-0.034593994457898014,1.1574206459760537,0
-0.05504502695329705,-0.6594219814279273,1
1.4953796760469964,-0.3340871168422861,1
0.3819204794437501,-0.5234589793266682,1
-0.7314125449362235,0.45714395912134487,1
-0.4289192068583958,0.5768314408599927,1
1.3106917901778936,-0.7225637279414953,1
-0.7830294081002018,0.8590045920039583,0
1.623315051471815,0.30021326389253333,1
-0.0965191429564422,-0.09777417021032028,1
-0.46689653167817047,0.9173950526315349,0
3.0490275843446693,-0.23288342019368524,1
2.0988812655208053,0.6148113567855858,1
0.5192406848149529,0.13590693890437697,1
-0.8758107821536634,-0.11264732494633448,0
0.4214491558101217,0.812212730155849,0
1.2847853533834392,-0.6471902708794345,1
0.34920646612188766,0.9684228292481851,0
1.2736100367638126,0.5472085966593133,0
0.08933944506774205,0.025269300904480207,1
-0.7146349408890117,0.6743647700942842,0
0.7412961127606915,0.049984143004400794,1
-1.092528277014643,2.226301165734374,0
-0.576741740712497,0.13016576509237557,0
0.767363129757759,-0.36333360900462336,1
-0.39625033382374,1.0545400938849518,0
0.5337161464619872,-0.1893797262582977,1
0.8243594540698219,0.3685110406009217,0
0.4887601851710589,0.052246993200881164,1
1.237402910231028,-1.1698660205496445,0
0.4942982604406048,-0.062480948785515994,1
1.9101086860610073,-0.05293043131946776,1
1.8254176846271375,-0.047701320556141846,1
0.17442036590750087,1.038125815527627,0
1.360969859651668,-0.7137015057454402,1
0.8638441445211548,-0.14846228176470716,1
0.4331149044425358,1.2038882791153735,0
0.9624342190496715,0.9466630115479269,0
0.12209236124356931,1.098294636791254,0
-0.36836182984831883,1.0269285306858273,0
0.4764008842509394,0.7424513394397139,1
0.3296901659945497,1.4100158346240774,0
0.6477022894878949,0.3999963780068676,0
0.7719849531952052,0.2489178175710477,0
-1.2523231873315006,0.12975918508963039,0
0.40280859326377905,0.5710211942851063,0
-1.7346686319509397,0.2975335691316836,0
0.1710325525173795,0.6585135080403401,0
-0.03513245917249763,1.3293341887793722,0
-1.4836586837955075,0.23651256012170468,0
0.036402707375912946,-0.6307739680043447,1
1.8587724589021088,-0.4274065766998081,1
-0.06336473332809583,0.19755402044198,0
-0.2834638853192966,0.3474768144448334,0
0.28658706660681343,1.0758517438780157,0
1.1978268637326397,0.2333435923573468,0
-0.2973099385207969,-0.42244654813762633,1
2.580674240352449,0.4860770408919015,1
0.9412659583380792,-0.6864351899766024,1
1.0293996850888565,0.3182439990047169,0
0.45922060838308243,1.1654182545605634,0
1.0717419424555874,0.667992710010619,1
0.5879066450798229,-0.5258816318818089,1
-0.6372255870248759,0.07139222362784414,0
0.28339156357674194,0.6639151633574895,0
-1.1834006435120037,0.2884967136895715,0
0.03511813992340357,1.3797775563896428,0
1.2046096605167296,-0.48258108586930726,1
0.10098768371989464,1.0347573282467517,0
2.2537683371402766,-0.22989865888752814,1
-0.3652727225940867,0.8732913079719195,0
-1.2515437119499957,0.37326219287899864,0
-0.9317363849512635,1.020986891625994,0
0.6689159466901589,-0.32245808597630043,1
0.6241483789532858,0.9039379793648911,0
1.50852796051552,-0.47716000672681064,1
-0.4680753237807719,0.5855973913211955,0
0.7061264335889611,-0.2853869909762002,1
0.41717012977446066,1.3588775515301097,0
-0.5942796541248585,0.6912772301901927,0
0.694920858505901,-0.36130295774752064,1
1.0845960743823988,-0.5698292406824013,1
2.2285603372502045,0.7939871214916889,1
0.8860766608171243,-0.6783838642118328,1
0.8408459215905572,0.7820851711198359,0
1.405294940860578,-0.6029491880583878,1
-0.09627891071759165,-0.47047950416771117,1
0.6572136886891833,0.45038937275688457,0
0.4259015856241263,1.3755353177007419,0
-0.0615000298836447,1.101545924597891,0
1.1125130300512607,-0.9461912456817394,1
2.3417646219745336,0.09246502108304579,1
1.7267998838529757,-0.8173817598684181,1
-1.5122957793384542,0.781566609654889,0
0.8065041631481744,0.3939921058177946,0
0.80717136715432,-0.0377348131742703,1
-0.4700541428816441,1.0503517159310265,1
1.3328249004572494,0.03448955131876813,1
0.2617428734858852,1.1607321038231426,0
1.2905022944382922,-0.4263869903681485,1
-0.6252146411271997,0.36617921254300967,0
-0.37373513668960673,0.5370171151569754,0
-0.8574844092549854,0.24504785984313454,0
-1.0830782924285998,0.9218970532312005,0
1.4623202783238907,1.181435202826811,0
-0.8927100916154452,0.3604234001106501,0
0.3046646133491021,0.008966753775655478,1
-0.45898446167803,0.7829301657024546,1
2.2577277080712577,0.5505430799914939,1
1.1742779473132887,0.05500023242990163,0
-0.33805645484660346,1.031273957408995,0
-1.093543589905536,0.0768833104480234,0
2.038765295365206,1.0567547705535927,1
0.7303805358988886,-1.0611319867397122,1
-0.8888704894342468,0.3176849174095797,0
0.17761738805862537,1.0917016366533394,0
1.9083268242556006,1.026816330846048,1
0.17013158541968587,0.2543492676297409,0
0.161294411123082,-0.760721763525093,1
-0.055421336239939945,0.9924885835270384,1
0.09201704742002163,0.19187369611966953,1
0.12599742231692457,-0.6756015361701537,1
-1.1500736074470208,-0.12394130649475694,0
-0.14328283470766,0.9778891518508488,0
1.3091972320563565,-0.058524473896386695,1
2.1595033847764036,0.6767967321156763,1
2.4795971172567457,-0.4370232768604679,1
-0.5350222744798614,0.4745240953818397,0
0.8972632538630712,0.32135532978511805,0
1.0461138413934965,0.7285428820110796,0
-0.08271383523079112,0.2633733602323239,1
0.6159247125158778,1.1481205329093989,0
-0.39061190327557715,-0.09031212924732418,1
2.451024798977344,-0.2643342570315997,1
1.7892225352042102,-0.1443392617117772,1
0.8717637459686698,0.8793124402714487,0
0.4764106536312982,0.18086784303882275,1
-0.5617210984905897,0.893308164173981,0
1.8265177310006961,0.6757068430250777,1
-1.571186356256673,0.5474902802144443,0
0.08776775536021664,0.14666926714042194,0
-0.29113073996480676,0.6654228597099607,0
0.22540082536468597,0.1804560701085293,1
1.7232200746530055,0.4952417287236247,1
-0.10500533786644894,0.4862159415275178,0
0.2946648191173297,-0.13340209727369579,1
0.5919015174488798,0.41345391978972357,0
0.9642038321463701,-0.1348016599680244,1
0.2164659946032193,-0.2530296763286131,1
0.0025627967333887725,-0.12578735712545452,1
1.222796771999656,-0.6723322267306169,1
-0.12987203019332472,1.1046594501320877,0
-0.15191065958566385,0.26133086796716315,1
0.8194493460446947,0.9009808139655275,0
0.12178133437023511,-0.43721105806872995,1
2.2049788215090187,0.007030817443544182,1
1.7397563567570513,0.9970794219900838,1
1.4940071222823827,-0.7374399656683148,1
1.1671851123796066,0.4968434853802962,1
0.5866635623204528,-0.173974013826091,1
-0.22937015527154214,1.1864280468448063,0
-1.4777071294542554,0.4083985617518402,0
0.2985319984111241,0.574590966980593,0
0.3290375795453185,-0.08674244515655044,1
1.4953673126544078,-0.15774048050929024,1
1.3544529433463723,0.2001623362791225,0
1.4047834886163906,0.6941149115310761,0
1.542427582232158,-0.4639843033088936,1
-0.6903179100649057,1.1574446122024153,0
1.9335138486239283,0.9292655288470696,1
0.06130857212724883,-0.43847234274926794,1
1.2810141358127651,0.02213858511177022,1
1.2483875963623325,0.2804944627280408,0
0.12886481972163577,-0.4057697017490187,1
2.1655666181992674,0.5269059219780944,1
-0.47873199385096216,-0.1978056011171792,0
-0.7118912404913817,0.6552946761491661,0
-1.582911159988779,0.6182986582840115,0
-0.43687517628255845,0.9393371402115753,0
-0.04076803241134522,0.7888047005341892,0
-0.009416759527515861,-0.15989795989165598,1
0.14034696517083106,-0.8396385511366709,1
0.8103494126302841,-0.8467098884720664,1
0.39198153398279056,0.2000893804240928,1
0.12983868265708143,-0.7547219871138722,1
1.0997276116119452,0.39048441375259046,0
1.136980263624894,-0.26166263243409393,1
0.3293785210414767,0.22109277442422576,1
-0.5438309387356097,1.5213557275638547,0
-0.28232543035525337,0.600685153250286,0
0.9133504411678484,-0.8159859755398908,1
1.0868746181357833,-0.19895641777324335,1
1.439064561475886,0.09825892794193825,1
0.2680811091532872,-0.22669015088422328,1
0.6711464936209849,-0.5610784907556332,1
-0.9749889025255657,0.6704320730785795,0
-0.157438131670531,1.5382932777214267,0
1.7776660867973244,-0.4181453564439731,1
0.4126190112878626,0.2566430839586077,1
-0.8737220888413125,1.3846404555473013,0
-0.2455554211532313,1.140392741166061,0
2.2661274209608453,0.6466232603195545,1
1.53702376783735,-0.7264005739998858,1
0.5353677156809484,-0.910509383708475,1
0.17629492016246906,0.780132410485725,1
0.20354851608266591,1.669588067602941,0
0.4627847293255296,-0.07737004671881265,1
0.20731096844054264,0.6101929164681295,0
2.1646807902524094,0.37684652132995833,1
0.3128533565699253,0.8739794269258072,0
-0.5479130347369348,0.018124949182681066,1
1.0931649760389357,0.9059619798053056,0
0.03901936924733179,1.006823569925544,0
1.9178991086120565,-0.1674147782733605,1
2.1115465545726275,0.11363632337163868,1
0.9904001175406346,0.39803558392718486,0
-0.21073438163614888,0.0018863854340402386,1
0.9975759005745546,-0.8270660449147549,1
1.2608037024192162,0.02458007990499922,0
0.022127562540997903,1.1625092083308484,0
2.2662960946476147,-0.1655980932163874,1
2.389417103966358,0.17832260012110684,1
1.691216530941446,0.013112022305321248,1
-0.29429908201502014,1.0727365024061566,0
-0.4290437965734058,0.45878231262088665,0
-0.47731798758144917,0.4491660313115806,1
-0.18017950535574118,0.7420940501590316,1
1.1817591808182375,-1.1011592899174527,1
-0.22464553029790318,0.3661046507071332,1
0.0482818606882026,-0.17652472127531946,1
0.13907824772079003,0.32057329634342135,1
1.7397822976375346,0.12323295721791949,1
0.7880291571875396,-0.16779786065114843,0
0.1258413737958513,-0.10132486451279865,1
1.6143184260782288,0.09827232925751528,1
0.06681758696795964,0.9780368559663192,0
-0.02932240503151351,0.6957008323246537,0
0.8755726612511919,-0.11771519632219662,0
-0.6092333373470885,0.6751962443015898,0
-0.7368734941576207,0.07162060673924364,1
-0.23159849502706625,0.6702061570658449,0
-0.029219587823483988,-0.17092911056605287,1
1.1899274465630667,-0.7309720603576824,1
1.048219633556581,0.28883424522658835,0
1.240957527844119,-0.2774863510570432,1
0.2921818117865025,0.7510055360503238,0
1.6692028326818882,0.5550517255006062,0
-1.217425827316762,1.0483868906344531,0
1.492009482239883,-0.9451857389484433,1
-0.6369757925245627,0.8793036366816276,0
-1.3715378073302342,0.018948430589623366,0
0.5589937114029169,1.096989514963732,0
0.2504610715220627,1.1357894617819626,0
1.0949944151499413,-1.0287092233625796,1
1.0385456869831082,1.252739038857514,0
-1.0789227121890768,0.1423041478620048,0
1.3865879969330157,0.6616898003847519,1
0.8269759856080064,-0.44058323529989357,1
0.5533036859838194,-0.07680075303610231,1
-0.3763493106679692,0.39048580319755977,0
1.6441425650474837,-0.3266134551661264,1
1.6822250491775774,-0.45367388849101264,1
1.3406012255168116,-0.08903826281360294,1
1.1331147261213406,-1.0940753149786486,1
1.8206103775403293,0.059901944592674394,1
0.19027215068120207,-0.1802836126411732,1
1.2546209298017637,-0.2846817846894823,1
0.6339402151309262,0.7626744757668171,0
-0.13366764040787874,0.7074797052531063,0
-1.1264230141811944,0.3172570397614691,0
0.010322143721073568,-0.05649571652808277,1
0.5027487647074667,0.45694155138125914,1
1.1813122290777667,-0.31481790337788484,1
1.0489205042398715,0.7171190971137612,0
0.5007295579874144,-0.051141732568913245,1
-0.4067785205096819,0.30517635372311286,0
1.3113138858491178,0.6220789510412181,0
1.628884423297487,0.1584224457648088,1
2.2599909326789196,0.25347596000316047,1
0.5624450182520445,1.936630944516764,0
1.5444688541664329,-0.5646227692146246,1
1.1071433485896587,0.45762582237230653,0
0.9123705390551243,0.08131539085269968,1
-0.9715509047999106,1.1770614997359625,0
-0.7719968774825776,1.535965862395721,0
1.565068191438547,0.33371279155968675,0
0.7177000676573954,0.6917586674862046,0
-1.1534235857946118,0.035270586820162625,0
0.2563749533857945,-0.9249956477482512,1
-1.005535098437695,-0.27589110962566943,0
0.656743738971812,1.0977375133691045,0
-1.2766719757280929,0.9583830506260124,0
-0.38933789931865376,0.8487485350239873,0
1.5021707184653765,-0.3465250690950715,1
1.2266435481501956,0.44384891339693683,0
0.10573523814983607,0.7263070584672761,0
0.09341673942066875,-0.7114825241013891,1
1.804180714560629,1.278862299940632,0
0.7191486143206071,-0.9947052310127827,1
0.415705320782374,1.193733765625721,0
1.249424095553199,-0.601536092643243,1
0.40953828116593294,-0.21033348763630721,1
-0.47379069276663704,-0.026450321159783297,0
0.9033320660640216,-0.24323005533582284,0
-0.9127522997505899,1.3785804078448567,0
-0.4969986527065463,0.639620922988931,0
-0.6311557845902174,0.20879819394072635,0
0.9500093097587496,0.866054405224485,0
-0.011138195677334761,0.0997782722227043,0
0.7083941084466778,0.4842574393143105,0
0.03309417555898314,0.614481134703069,0
-0.10555913798582311,0.036990500510246965,1
-0.19923804116855542,1.1751029116507725,0
0.7460752370612129,-0.4477103872577482,1
-0.11234159114351122,-0.5633767504077292,1
0.3912498766578879,0.7549358632004407,0
0.5746068284990524,1.0914000370245525,0
0.34399257452877297,0.22007712401669904,0
0.8446766086315813,0.509518128184427,1
-0.20963866561113548,0.15333874552697857,0
1.7145150773864608,0.41390524037721177,0
0.641311964562876,0.36422645626291084,0
-0.9554017952425012,0.9964478480891305,0
1.0146659092076493,0.8380685921477924,0
-1.161401555051627,0.6890275630010789,0
-0.10077246218582375,-0.08064941489346213,1
-0.16678567727896476,-0.25153430086489326,1
0.29984355592675144,-0.1929071756479665,1
0.5384493279675313,-0.1872164898205859,1
1.4142605492994273,-0.9964025676494311,1
-0.12144302725029925,0.9799169170118995,0
2.787450764274861,-0.6183457371965315,1
1.4313777405825312,0.9323912697884454,0
0.12315750439409315,1.0561830890579122,1
1.8686187507065084,-0.038542127873551185,1
-1.0093995415181976,0.6429106048636677,0
0.8930258990538615,-0.5883415137037113,1
0.8393143291694581,-0.5114079857868673,1
-0.409520501951525,0.9705765361929624,0
0.959162855069722,0.7028162463618133,0
0.6364216959606462,-0.4148597329728077,1
2.3318609070372487,-0.5210932579722994,1
-0.23034384902626198,0.4279237127832315,1
2.476429071113271,0.21843309652200843,1
0.06644772011086342,-0.23524113940924973,1
-0.5679433348423302,0.4736229767186689,0
0.11594452910418268,-0.3468829364510575,1
0.48005822813923943,-0.19028755386208163,0
0.8670188758884112,0.13924611634636141,1
0.28272350066151725,-0.16421620110749402,1
0.8424335231990133,-0.49964194587047345,1
0.7955781585336117,1.098478077802926,0
-0.09222195186189294,1.0122975219465407,0
2.1328940350139836,0.7700238846272168,1
0.7682478719912376,-0.04243415590547994,1
0.6000016778570784,1.3882653141847658,0
0.3807284899095182,0.6317756869050014,0
0.07777655501313208,1.1544662096934242,0
0.21886215758776398,0.7264189199205766,0
-0.08897386075255029,1.1634868532402425,0
-0.9191058710079285,0.18737675942163612,0
1.522316725942614,0.9675734832541707,0
0.6572018557475996,-0.03143782757255281,1
-0.7858660391913244,1.0870598472752329,0
-0.11861123621881753,0.4517378642032671,0
-0.16224350790257924,-0.3286016415319321,1
-1.4249502723389167,-0.16663965863093985,0
0.6074345729242214,-1.0319108393291443,1
1.8838235453224188,0.38147370722584895,1
-1.3339283935610957,0.8474989529544438,0
0.23055155107287112,0.6846774693735406,1
0.33402477016193144,1.14393328358169,0
-1.4313936272979402,0.459689164166843,0
0.1895125517755738,1.2139801748774337,0
-0.05215623491825594,-0.6712751221343747,1
0.38818760622379245,-0.40498475432100106,1
0.5610551134723817,0.3798567828211866,0
-0.46752343778365674,0.09782470909855467,0
0.27192491499395055,0.43496143488289785,1
0.6672696231839124,0.5570404223182617,0
1.0266967901658912,0.17041281651823337,0
1.596499012426642,-0.2976288945077733,1
-0.7346834474610167,-0.14097397182733418,0
0.47707403407285387,0.7931388696869676,0
1.6298782620274055,-0.5544549634067919,1
-0.6747027037753359,1.132530382173858,0
-0.6979919748579665,0.6812152372572285,0
1.7253381333263977,-0.9574090216690648,1
1.0943907154694783,0.8559296661508639,0
0.5697434047585439,-0.5973540637400693,1
0.8889165947607456,0.3723788986117422,0
2.130455148948346,0.9940092411668034,1
0.949135258032187,-0.9001925780503753,1
2.0537591148175545,0.4382050659765434,1
1.3868689786007424,-0.03628888462877333,1
0.9625744021682443,0.37052759608257624,1
0.7710349863121226,-0.026403015746927494,1
1.895166872011467,-0.0373176581796456,1
-0.757712924926948,1.4122130389044334,0
1.4700322184404981,0.5095008508078199,1
-0.7439747691774843,-0.22954941951993968,0
-0.7575797926152293,-0.4138329906882141,0
1.2497087788180359,0.38553478411471703,0
1.3372778812798018,-0.2692817759835954,1
1.5556396073396654,-0.6764205621435109,1
0.20832003677783195,1.367729089864641,0
-0.04347477303152414,0.5614530548767344,0
0.9265285173357065,0.15826138762958386,1
0.31270289544395347,0.5985125565945374,0
-0.22524010597789357,1.370471589532626,0
-0.16224727861595095,0.5699861482844035,0
-0.1897090520951653,-0.03719191587291637,0
-1.041357145377625,0.5574146470650632,0
1.5405019232621058,0.7362258933703303,0
0.31359371102764017,0.16234769383144015,1
0.5443883895867963,1.0731319269980888,0
-0.9720387164554108,0.10209413307925054,1
-0.7855314288280987,0.01073107563521547,0
-0.8390692004950789,0.031180383034624587,0
2.6134187697143316,0.7173066418419498,1
-1.0988415314215412,0.3486985573140682,0
-0.9996460865012577,0.06217339491473858,0
-0.4987820255376789,0.5135782096378694,0
0.32776135686264773,0.8748546664119133,0
2.02388629114881,-0.45725838970838145,1
0.676488875405507,-0.48430641776781086,1
0.9803456691078214,0.8048126544914098,0
0.0031428364648961177,0.5005112289838027,1
-1.2059736101324199,-0.04400142055942141,0
-0.9614233462447649,0.17804371083033227,0
-0.48117761774742657,0.29242770476953506,0
-0.24832638514894267,0.8847039137285881,0
0.6745692029068705,-0.5714268250228457,1
1.677380195878571,-0.020315678196599962,1
0.0479765434958524,0.6934555816381225,0
0.33651661456092,0.15868908787264868,0
1.5831545858404685,-0.26898852442224624,1
-1.2255906151183493,-0.12092361561604437,0
0.09530439619625541,1.0332232504679095,0
1.1927866122630795,0.07436061542384378,0
-0.16519912885737364,0.1293206764610757,1
1.0047195251506666,-0.8392218806346263,1
1.1113113280912916,-0.24320988769062674,0
0.1066042485517136,1.0885708885788157,0
1.8876949763267543,0.9965745161635929,1
0.21061757547915788,0.5958759578576955,0
1.8610215160602075,-0.6480215438434853,1
-0.5376768194051686,0.5296411354856276,0
1.1096159701818995,-0.6863496873962553,1
1.8733678682728927,-0.14596718928215885,1
1.105975811834893,-0.43621824052097147,1
0.8973725199229869,1.312062841543021,0
0.02537583049090847,1.1333736823744038,0
1.004899761915897,-0.24008343160892376,0
0.22603036716948988,1.2793586940032318,0
-0.26392106102940893,0.40760809293625766,0
0.9083406541170173,0.18414440990769687,1
2.103455991389363,-0.3212554632513418,1
0.7609611064887059,-0.4315058500336252,1
0.7573877195656427,-0.7683045513716892,1
0.627770106480303,0.31813685534769137,1
-0.9430604368315632,0.41371248189217036,0
2.6140071249463266,0.6274158479290226,1
-0.11137555841014413,-0.016464514807714326,0
0.6319281540563711,-0.9804368896810449,1
0.09623046881509123,0.40204117109482496,0
0.9886514270664613,-0.007062158039840338,0
0.8163181555966224,-0.8335590834963367,1
0.5369576746220951,-0.6911732537414301,1
-1.1305360083581664,0.7452348129561157,0
-0.197582929585241,1.0579006024632343,0
0.07098864977791586,0.7039968320085301,0
0.42301800866675804,-0.5492927060703712,1
-0.3367570649894708,0.6659370175821483,0
0.4886835556115007,-0.2607554732535328,1
-0.7962002028959627,1.2073024608443303,0
0.7656346041061166,0.6752281502188522,0
-1.3070095012736527,-0.11794115862170307,0
0.5485439750169847,0.24509001266757285,1
1.6989119833452224,0.38302380380884293,1
0.1271412914387272,0.03937106134558602,0
0.97927591719032,-0.2352960715108648,0
1.4377286401080474,-0.350308219793828,1
2.095415247244969,0.21900268122575728,1
0.021045054568374244,-0.4478733948862227,0
-0.2427411264603161,0.6799299022136844,1
-0.9795761795939085,-0.17380029305109546,1
-0.1671251205294062,0.764016148007832,1
1.7438181512138535,0.2128469809617517,1
0.5867536526366144,-1.2350265046474997,1
1.3025657980596628,-0.41383027229319885,1
1.0732369771353956,2.063671144474005,0
-1.4824353801608523,1.450845985566111,0
0.49720719041297146,0.9056452006762974,0
0.1882025235359882,-0.2781440543534344,1
1.0467971873120792,-0.3297178160179218,1
1.3411293833605236,0.4819579521163974,1
1.2639623736814964,-0.8546468632851771,1
0.39808925059115496,0.09621992396813983,1
-0.9821960849777887,0.7837568739568743,0
-1.1684466812071475,0.785363273771496,0
0.7328107324725726,1.6280823999709204,0
1.9148539962674254,0.5953624391389933,1
-0.18373188027939924,1.49317655941974,0
-1.2544687133194903,0.5530222015512234,0
-1.0752643193696487,0.046590641077188286,0
2.0003524538727575,0.3337335424361492,1
0.8546110823869669,-0.4092123721820555,1
1.9150364171109704,-0.06470682047856247,1
0.8047382477622592,-0.521997910868088,1
1.5278411087790855,0.4137596869624403,1
1.2603473825426745,1.0038330514057998,0
-0.11145579745798403,0.899676631453246,0
-0.274200007931625,0.7673417371529592,0
0.923335980670689,-0.5664261475077086,1
0.7561919180803296,0.7898241613853141,0
0.2520465995460467,-0.4385137182150767,1
1.764686391615549,-1.3792573055234785,1
0.7919877375895663,-1.1432712441550756,1
-0.3565295800212007,0.8552063057373838,0
0.25024423279504004,0.7575324400124216,1
-0.3794429937110533,1.1832222401091823,1
2.273455287008372,-0.02931519604197451,1
2.4442517672949413,-0.08355873688957344,1
1.5624112037458342,-0.19504308567277556,1
-1.1726792276300089,-0.14638117272502665,0
2.465101944907266,0.17810017360742175,1
0.21727295606952923,-0.11118711916863988,1
-0.21468657628075527,0.9660797742122563,0
-0.478097332728621,-0.22841895520178487,1
-0.007046000700217214,1.6363956969923734,0
1.9258219048822534,-0.2853266220941393,1
1.0750425354262694,-0.7411455186553283,1
1.8851189703566855,-0.16448187240093357,1
0.9708461817382763,1.010302492630313,0
1.2922848907322608,0.15321735780872647,0
1.311810309846848,-0.11157328298786823,1
0.8097796937821364,0.5495538776637748,0
-0.9050910212778834,1.8561763429296525,0
0.624900448579371,0.5501926831239289,1
0.7127655938174635,0.6446445031617277,0
0.2116342958821094,-0.38216911976543827,1
1.2550301407226157,-0.9850956208261226,1
-0.8192153386632878,0.2412253289447273,0
-1.2793735866764848,0.5122835915815452,0
0.5230834265707345,1.4802870616964734,0
-0.6609161902569118,-0.06583209130729578,0
-0.7206593293937311,-0.21563527309136454,0
2.2417235698885842,-0.27674382592795665,1
0.869847557413376,0.9507981722860903,0
-1.459819484546228,-0.23164423318742444,0
1.639574382622786,0.4276565965940918,1
-0.7627750298549347,-0.14495351230404951,0
0.3571675540393878,1.0638764923505906,0
1.5633438159627042,-0.6817941477844964,1
1.6550320850595104,0.38862803906027876,1
-0.5969431399968662,-0.18372649881925512,1
-0.10676164150236346,1.162813206309718,0
0.7020525738440869,0.4371070607388709,0
0.6770649629452765,-0.503491061635483,1
0.08250618465753745,0.6021800317483942,0
0.7855802105983841,0.8263418819584732,0
-0.7834136381848751,0.8311893427701558,0
-1.1690208292304105,0.538207482964825,0
1.875969539436161,-0.21227454449222793,1
-0.23437022796463483,0.5676751777900896,1
0.5666162652207967,0.13979788292219775,0
0.985256485901257,0.718671837720964,0
1.911444008829492,0.30766755011718816,1
0.04089525001425309,0.5239447331027881,0
0.20523151827294833,-0.547316733726499,1
2.679590540682432,-0.011709657852566724,1
0.7746924505261854,0.16029308420686034,0
1.4224350117623168,-0.08729263876483206,1
-0.4975616399370687,0.6478463058929131,0
-0.036954250678301,0.2599682969375336,1
0.21561227007231853,0.6989892751135968,0
0.8879951887035888,0.989906239236003,0
-0.13897995409931002,1.2504953828027465,0
-1.4938746977313913,0.846906349820556,0
-0.9190487027495624,0.6590321929517119,0
-0.3042195568476602,1.7271641972234235,0
-0.01565462319897698,1.1666834069348069,0
1.7230523610092747,-0.37645844671206835,1
0.6087365370033766,0.0657060200227984,1
0.9970999216817046,-0.5677265795260447,1
-0.9608039881031974,0.5867939162335213,0
0.9773201025904527,0.4970223881433621,0
-0.40252459600844603,-0.22551545160639905,1
-0.49323613327383997,0.1610973085071281,1
0.06424264118718326,1.1626257082922324,0
0.18676415406528563,1.358330862993161,0
1.4165662510046588,0.24914076026179607,0
0.7142375443736018,0.8747305238045922,0
0.33274443169971124,-0.08090333558602741,1
0.5109722105453196,1.4171085037551103,0
0.4619394269082057,0.8016933121784298,0
0.47523193665167596,0.3512936488487275,0
0.04698756599937609,0.243155410856154,0
0.25941494899293466,0.576409530280755,0
-1.0703257720242174,-0.17148572993603234,0
0.24179039881702025,0.1944274530217324,1
0.7610454279034398,-0.7892306951165051,1
2.3358203984649886,0.761756179067514,1
-1.0739988360424295,0.22904145572851503,0
0.9429836839033937,-0.6105473002960847,1
1.4084287209307722,-0.08987564770666095,1
1.2318106467917573,0.933118693613441,1
-0.4572494317107299,0.7091826120878566,0
0.17455625887109438,-0.12845699225845428,1
-0.14165852825563618,1.4325980392291116,0
-0.5499407737770862,1.0012825082823147,0
1.3916262668676815,-0.9084044112244138,1
0.42459200349358156,0.8648897730927161,0
0.04588553881004742,0.1052757665986529,0
1.9539608075231953,0.14590286625734217,1
-0.2028674163790699,1.1147295803525659,0
-0.14352012567691813,-0.29437104595429064,1
-0.0351373449287955,0.006531129067332497,1
1.092636652315463,0.5070698182607565,0
-1.095867641711294,-0.009617552293258141,1
0.07914555197594653,-1.0153738844703093,1
-0.043165259733738914,-0.29258742023258805,1
1.509994487213712,0.33133950095768455,0
0.7545518569417505,0.2577637426506827,0
0.71557109080824,0.15968286279164645,0
-0.5762761016503345,0.29268814801712295,0
-0.9862360058958988,0.6205879722296952,0
0.8561965874039456,-0.660842726934221,1
0.5861884257477945,0.5074293459905936,0
0.9567186650583103,-0.0648937351404229,1
1.0408729753094932,-0.6981074708835282,1
1.2310828804703067,-0.276067711524145,1
2.2307597214391097,0.1646487638293922,1
1.6296274362343788,-0.26234473389680196,1
-0.34067514630798446,-0.06983870018792729,1
0.10697272911142502,1.4401920214951622,0
0.8647818046110984,-0.0816746018641234,1
2.2697008518177837,0.8228144387456886,1
-0.16053389064715184,0.7032567619688582,1
0.9171076528208625,0.15874109289889507,1
-0.193374169663311,-1.0670771550493678,1
0.8461484572482019,-1.1517782393433007,1
1.5141044987639174,-0.07366567351940634,1
-0.42320389494675814,1.0377714333412704,0
0.5022494679461258,1.422126028917393,0
0.5898993692068089,-0.031012671885676607,0
0.6873337104341969,0.4168826492205533,0
1.1617931267970125,-0.29963782699477326,1
0.3932925810181642,0.525570093206482,0
2.5352639577147476,0.6133861300005139,1
1.2793283733654102,0.884819046272593,0
-1.0845548892816288,0.6968605082718287,0
0.2877970083955343,1.1018389147266703,0
-1.0543736108513857,1.076070853123712,0
0.166620800520137,1.2024113396109082,0
1.113258129603661,-0.3731379524340721,0
-1.1547234844847003,1.0779233216190376,0
0.3235883212509534,0.3309091403527661,1
0.3246437845600856,0.0603807509205766,0
0.5607560899281858,0.9118327394760306,0
1.2248294822300343,-0.10008804487424709,1
1.3479316463906077,-0.17476602634314548,0
0.5296950279347347,1.265242885826168,0
0.035701123096764674,1.401474636512857,1
0.06530652793786174,1.103993403308804,0
0.71480710815798,0.9296200567779136,0
1.9385093826422435,-0.4408553604813928,1
0.18429652407469166,-0.6636400938285292,1
-0.5561046845887412,0.7227096254596368,0
1.5241415680978354,-0.039982860859052505,1
1.403588076126049,-0.40729780963873097,1
1.1611274092741346,-0.642945136315308,1
0.4008597685478606,1.5718047016552241,0
0.6502108640936146,0.6849570120836816,0
-0.8007821042938368,1.3676208942268453,0
1.2897500732875682,0.2767651003151109,1
-0.4564831754619938,0.8432527961479906,0
2.0759905066638478,0.5772106792176568,1
-0.406030979590298,0.5983128105389497,0
0.8417091659480198,-0.0712134351625125,1
-0.3395545108053138,0.8115612496997582,1
0.8912874645297117,-0.26317243829378817,1
1.0140910222921626,0.4091897618222,0
-0.021719219626179675,-0.22393547581847048,1
0.09748587047163648,0.635878824275224,0
-1.1245972889767435,1.4673933351560384,0
0.5046972478384805,0.6864074199262539,0
-0.1886164844546297,0.036860937736885535,1
0.9950120498628838,-0.09115517915201587,0
0.5907119198442837,0.24346533972028603,1
-0.3448764179189778,-0.43691799118796765,1
-0.21735945726439165,0.08180158542151855,0
0.6062201483884944,-0.04278937225036972,1
1.0761846865789766,-0.0361068601198844,0
1.077940235699703,-0.27860578462048735,0
1.3640575906422647,0.8075949585524211,0
1.0139857276331348,0.7430835108897335,0
1.6911345855014415,0.16267304312038441,0
-0.6153474579400913,1.1695702808567061,0
1.811641584984271,-0.19368771109183303,0
1.5416565311911392,-0.06079522633246778,1
1.1272582075819533,-0.8817857119143615,1
1.2876705291321158,1.4722596534384826,0
0.987072425666145,0.05599689631206678,0
-1.5705435015617155,0.41250645387734136,0
-0.3615102169557224,0.7859637192320506,0
0.9141123087932446,0.16757766176825872,0
0.5316551122393239,0.5828340849968445,0
2.364673112893152,-0.15916211411700498,1
1.762953411019152,-0.2622719469012764,1
0.42970140512861,0.4546449942033387,0
0.9591072575202887,-0.42245128219285,1
-0.7976206565007229,0.768838899534152,0
1.1508058786203454,0.3988368079595761,0
0.3004397846987455,1.195204908168344,0
-0.21843130985703957,1.6372678453563245,0
0.9318290321930072,0.1372722692883127,1
-0.6317223061690409,0.3742221582853432,0
0.004424345990462569,-0.25227240450561156,1
1.1251617591068355,0.3311934760988371,0
1.7591346903678708,0.3520753340097404,1
-0.6479181914891096,-0.11767831248919691,0
0.4879305442651616,-0.610572614755261,1
0.48766209879556066,-0.35964680026878176,0
-0.5130301645977052,0.4366819561689458,0
0.6894364875276275,1.0119195257530675,0
1.5832407079854331,-0.037349478487004914,1
0.4189445190691312,-0.1188051448545632,1
-0.9987103312238962,-0.22613944405457248,0
2.1975182499531396,0.43603096208356396,1
0.8377903679723341,-0.7692790165352972,1
1.2580125346632407,-0.8148720909184394,1
-0.5324963834389297,0.38688545485202125,0
-0.13348314496298053,0.5076616286565595,0
0.4285268754345094,1.3499481829476605,0
1.1814936976057946,0.44797993166356853,0
0.6939524718051255,-0.4685338690760672,1
1.0123816686878262,0.8000302053497861,0
-0.4628137793680126,-0.375882631964454,1
0.9034832085448861,0.3294224879142036,0
2.117705322660492,-0.9988335823404283,1
-0.3167055809877459,1.450455134638242,0
1.6173524599239566,0.5436780978723685,0
1.0477516339038306,-0.2609601368839769,1
2.078069078002435,0.44473888044723625,1
1.131016133722456,-0.721579470812327,0
1.2674478631648673,0.15406132529702615,0
0.7964790069315528,0.3253252075700125,1
1.2327473381225007,-0.5256791510858774,1
0.9578682401870461,0.6540895731132172,0
-0.8494886924426311,0.7182368301099487,0
2.1630383746329658,0.020543544722888066,1
0.5379549907232878,-0.7113534971213984,1
0.7570582267151155,-0.03088841808921823,0
0.788743806373383,-0.2570478772221195,1
-0.6603865747872479,0.6132713507928531,1
0.1581500929375652,0.720673024295505,1
0.41978087228732774,0.28815664657251394,1
1.1535538828560492,0.7935103788814097,0
0.5917530237656562,-0.3260137939487516,1
0.3819913660493436,1.2054909701026435,0
2.198796374067901,-0.256408352369185,1
-0.504878322933987,0.4729322617887831,1
-0.6935017220106967,0.4138445475325696,0
2.0425355789575352,0.9695502846487247,1
0.6414157043950589,-0.72747761659982,1
1.2058525866755208,-0.7901145452431432,1
0.8087634359955563,-0.664792402713838,1
0.1047699786460004,0.4531870088089289,0
1.6048784801018914,-0.479055782299723,1
-0.7638813563621084,0.5153256928429961,1
0.954691419269704,-0.527341565203152,1
0.9545209087699027,-0.14740839524288107,0
0.11961777931115425,1.5883045894343275,0
0.4884572277579862,0.09071140330830985,1
-0.7855100897254769,-0.017093615088493497,0
0.8163234141507052,0.24651193794568046,0
-1.0768586623278453,0.358525414711062,0
0.5188613342561016,-0.42809112283143985,1
0.7849226565724626,0.22095140938005298,0
0.6110204162478245,-0.07348509334536846,0
0.42917412099492536,-0.6154769303445957,1
0.8488357600124634,1.4764516485903625,0
0.6317173892549489,-1.5101656183670689,1
-0.04646542634832576,0.04246748247117499,1
1.4513855133274811,-0.22368391798517584,1
1.594782886244763,-0.23387956203760402,1
0.9439727335608384,-1.0885293081929863,1
0.20851834956601006,-0.33605501699289964,1
1.1980791820636483,-0.18582782694394553,0
0.3627423715940856,1.7614779094808806,0
-0.2834961794816018,0.7733994878093757,0
0.622076513229,0.5760148711965898,0
-0.46081598900177934,0.10876335126401504,0
0.35863126147866686,0.960708401462193,0
-1.1600454075619828,-0.26670509867966813,0
-0.8431250325784216,0.20927310722209935,0
1.7972547794774139,-0.5155633153307108,1
0.742873480906783,-0.5172654256671099,1
0.8087140440456123,0.2932403637235089,0
0.5108759058836697,-0.05841867532434111,1
1.4102289396625076,-0.015339515339376053,1
0.6481502434028028,-0.8908070915329503,1
-0.7906015673423548,-0.8687310328501618,0
-0.3909830100023151,1.651655420436092,0
-0.9166636626607869,0.2599761053585997,0
1.8116171813381556,0.8727517888205433,1
-1.6490104467807734,-0.020117298487933755,0
-0.0664102862495286,1.4895831257431453,0
-0.16527042015456844,0.49667388664415674,0
1.0315442778733392,0.5469429216937208,1
-0.31033959756342183,0.48828624564876505,0
0.6487314311086462,-0.5075441306895135,1
0.7536555225134809,0.15487495633085657,1
0.45393994055596215,-0.37129904372852257,1
0.555346661713716,0.5279203376369596,1
0.6651231914732921,1.5073054067643041,0
-0.9473530454441422,0.8501185239772798,0
0.8675230651941208,-1.1239302103032167,1
0.5719604937298366,1.905883666179714,0
-1.73097201018623,0.08754959343238025,0
-0.5218185802885299,0.6774512779581151,0
-0.7199715052009885,0.21838698625400954,0
0.09916582573721322,0.0874506976511294,1
-1.871813081898761,0.5689079108921334,0
1.4603241911587963,-0.4763690290382583,1
1.0491886720861325,-0.06937176111845683,1
1.1635699422343049,-0.13566351746830696,1
0.8511365582242065,0.025239720207814842,1
1.561590793060942,-0.32364026810359514,1
-0.2101103113074354,-0.09730994371034182,1
1.238860862260698,-0.5758156657184852,1
1.3804003951074837,-0.6341564516461945,1
1.1128968505757633,0.3566556514326823,1
-0.16827715913368768,-0.13828795697089474,0
0.9978001056304925,-0.2715164643277881,0
-0.13552622395914243,-0.3821540836074426,1
-0.33965420883631164,0.39101710683010227,0
0.8028087890404676,-0.0393421118105102,1
0.4079007569032641,0.26627914159979804,0
1.602590596278969,-0.03652129728997494,1
0.5946261474607476,0.5811450057472398,0
1.0482590781343448,0.3151714865731093,0
-0.23421370460059793,-0.2138213929521096,1
-0.15861331760004915,0.2063388389946859,0
1.8610466050572934,-0.6527105616327975,1
-1.162644859566217,0.9584394763312978,0
-0.321801998198626,-0.2893996751003252,1
-0.0005398815118690323,1.0444489125027698,0
1.6883089339822348,0.008341989384722248,1
0.738542202879442,1.1810472925923359,0
-0.04492430977947959,0.8233126600959192,0
0.4807519325227287,0.7824568104471473,1
-1.495122131148168,0.46482175562525185,0
-1.65015336697035,0.5309788887772625,0
2.703027225372024,-0.20933013730843153,1
-0.2567593549746533,1.302645332407834,0
0.2902426498941142,-0.7488019836608533,1
1.0742267525013949,-0.7401164757714758,1
1.1591113873770158,-0.16966126427127648,1
-0.2927814671376923,0.993919632926765,0
0.7215993613723013,0.6629277363483947,0
0.058290059603193625,0.23151504759341884,1
0.7940955553202325,0.046188218984356905,0
-1.0180669674138012,0.7689475822059689,0
0.6358143399261516,-0.16635569677196732,0
2.083903107103482,0.38827096887535856,1
0.5138520752465988,-0.2733858619931625,1
-0.7617079038856227,0.6004588270330622,0
0.7277057783149645,-0.7231873312704252,1
2.0005089289730864,0.30659274792718894,1
0.045334018925985875,-0.6229002536206557,1
0.1806584095189768,0.9166518794262365,1
1.6300535105135974,-0.42433181506894996,1
2.1410389142232398,0.4963739889047596,1
0.47866643421415056,0.4968515014650423,0
0.7788737424724639,1.1099486944133137,0
0.11287486195166074,0.07810835090703391,1
1.4079088623904858,0.43686506042244144,0
-0.23326404834907044,0.19739966965963668,1
0.6633136209612213,-0.4213221180939053,1
1.8749856414822337,-0.09374495592142658,1
-0.5089329115048824,0.13551363638216476,0
0.41424930742282406,0.3493810915803809,0
0.7756496750365877,0.03644475612053333,1
0.42707670418178056,-0.4208530609274231,1
1.2942329019855912,-0.10838651203582905,1
1.8595535088872568,-0.4976604726983298,1
-0.7494628423770046,0.6059791226911442,0
0.5140049694772075,1.42259008981352,0
-0.6406764759193807,0.01811923859031503,0
-0.18253349893916496,0.3327121265179287,1
0.37831031655249897,0.3104498818371892,1
0.1543635131653422,1.5434272074311053,0
-1.075300929384206,0.3706687856274413,0
-0.5314422471232243,1.002873063092108,0
0.5314212300265798,1.2121122908877604,0
-0.4981004742812679,0.7601848651847147,0
1.4250379430299802,-0.060911539382820346,1
1.5171283569409957,-1.2674768499071003,1
0.5229947610628173,-0.03439824683194598,1
2.2014696921048893,0.42776276971243177,1
0.6922171284215031,-0.5144810104647595,1
1.7885294787305372,0.26057998091435186,1
-1.6343929618078645,-0.5115627341151129,0
-0.04048916569643801,0.1221528847241228,1
0.21956809736958083,0.7249211299667787,1
0.4629984341149609,-0.5933177504454932,0
1.4764594772664976,-0.8223604558551136,1
-1.0211475234538305,1.0349133737452452,0
0.45203212608266263,-0.05018394543611677,1
-0.0371322224047165,-0.08402960483994151,1
-1.090058252749538,-0.2031156002338506,0
-1.2725316063506646,0.3713104741706207,0
0.1400423592371774,0.4168491005727914,1
0.15454710126082127,-0.4669384779852941,1
0.895218424541836,-0.07139694413238358,1
1.4040922226821806,-1.0755332762642382,1
-1.169687206648645,0.4854558306103906,0
2.0173876172965217,-0.5357274424134058,1
-1.1691170000632622,-0.3359620605895379,0
-0.6310206525872298,1.5570221127594412,0
-0.5209396868146017,0.7661521372061163,0
0.2714307320785653,0.9853439141443426,0
0.3495145352906407,1.067385497903421,0
1.0626194432701908,0.24071999673771535,0
1.0851458126497897,0.14157517695747412,1
0.43952927580017437,0.7636394180652872,0
0.7234719100214242,0.7474586543807695,0
0.5379022840731467,0.2217643056392059,0
-0.6997176667730919,0.5569216633316587,1
0.9422623328593523,-0.7294510641386442,1
-0.13506206449036673,-0.4868356600008086,1
0.5728586088822858,-0.5608942161031498,1
-0.7128592895558327,0.48634765622363096,0
1.1674051189406878,-0.029566127650330565,0
0.5293847369116716,-0.6562226672047328,1
-0.848876518147321,0.9101599435178134,0
1.2014525774809997,-0.6644204251156615,1
2.0313537360209963,0.032336896380346286,1
0.6447343851633797,0.6368097739961972,0
0.9278644452655465,0.19780621265874293,0
1.5998097323952662,0.018246404621606926,1
-1.0444840619682012,0.23213775621800237,0
1.50264219906038,0.4196310716536932,1
0.46923681613631596,-0.2793619673197695,1
-0.983722226608498,-0.7182726407804367,0
1.484949129783653,-0.1505083884378503,1
-1.0791983668334741,0.8997519432596752,0
0.48237204337575057,0.6042427174647269,0
-1.474319928108546,-0.4683090265469386,0
-0.016757048279087472,0.9411664200594972,0
-0.6833791610030732,0.3779169144442876,0
-0.8905622366144434,0.7905208181954827,0
1.8052327244059303,0.005234326144977347,1
1.0487366381499492,0.020189032326668577,1
-1.1287801278094307,0.9477703573326426,0
0.7444617103043973,1.1547437463361916,0
-0.03389559638717876,-0.01464776713981833,1
-0.43955780751321827,-0.0489052581230901,0
1.03670495513219,-0.5643316057792854,1
0.13684035115267207,1.0855438180272046,0
0.5492058565872943,0.22674696869736904,0
0.01081088240364736,0.6826179806646273,0
2.3526439678271145,-0.3249391360844768,1
-0.35204073950092507,0.42549411240147583,0
0.11360269969283016,0.7613111849247493,0
1.9077566593018551,-0.3252387871950103,1
0.7512231815776815,0.47370382343633477,0
-0.3709336434245717,0.014347075958098698,0
0.9150815784272099,-0.5586400601311552,1
1.408620077399004,0.4815196203030493,1
-1.0049922970042253,0.620562921881558,0
-0.17606266017171887,0.6842534721878443,0
0.35078804796600876,-0.34924766579873623,1
0.3296299871696359,-0.6445583818655298,1
1.1272116208905734,0.6960321202087314,0
0.3757188177068963,1.3459445326848813,0
0.07090709208669344,0.842127161300999,0
-0.41748548350284626,-0.29683568242445324,1
-0.12071990132304466,0.4115851670000364,1
2.075343033118176,-0.12148223604677862,1
-1.17695693349615,0.7473467204083686,0
1.8338753461214041,-0.13075084493615857,1
1.1874116092280267,-0.23626693733154552,1
-0.5869079216718515,1.0421445024096074,0
-1.7720837687633908,0.38394959000851897,0
0.9347957196941585,0.819281957695295,0
-0.6698502551786885,0.5542818712076663,0
0.915227041198716,-1.2351470643015567,1
0.5335817301040506,1.1236959141449332,0
1.0519251126419915,1.1533726325211129,0
2.101373830203471,0.283380464544136,1
-0.21493605285944728,0.32563835820009474,1
0.6189036802413205,0.6217890719105186,0
1.1873038793274495,-0.5174501284491791,1
0.5312851918486335,-0.10987957315132091,1
-0.5131858119624937,0.3695003064265654,0
1.13373618791629,-0.12688301946264285,1
-0.328957516050752,0.3425254159178541,0
-0.31500254849054254,-0.23545696808634942,1
0.1619647142069019,0.1234312303879018,1
1.277811701581811,-0.5185477919915829,1
2.740935753176506,0.5393993274507503,1
-0.20613095502963813,0.3530882455551303,0
0.8925439179830555,-0.06542573356966995,0
0.8202305034231993,1.0848875001500597,0
-0.11573896754931529,-0.19613104289347488,1
0.7125520659827738,0.2800706614394396,1
1.897925176202123,-0.03544343873394862,1
0.5048508402630303,1.0321460774025335,0
0.7135543379808392,0.44377691636963257,0
-0.05653661481960946,0.6875021034478404,0
0.9277175710100286,1.1227524753028721,0
-1.2007418135679844,-0.6829035933793091,0
0.07926852785559982,0.2106367943672277,1
1.5138826877254117,-0.2830316346045184,1
-0.11139907332718318,-0.04619750729973193,1
2.19378145976993,0.009697511857592211,1
1.8311760611893733,0.5165120736140282,0
-0.2319428777681143,0.23029065565517284,1
-0.013046400714571423,0.1858411649466547,1
0.48829422189667304,0.2892699018235688,1
1.6718341544630957,0.9920454047457067,1
0.45325230592275506,-0.016545785715805617,1
-0.8226486736282704,0.9603193925840718,0
1.981692269537595,-0.770763007079274,1
-0.19384545396615482,0.525691856594916,0
0.7275875607677036,0.021886426784956725,0
0.18709733999229428,0.22835506015897528,1
1.7765848944358191,-0.19644183491108197,1
2.2024766170410537,1.0726328464406545,1
-0.5625087973888673,0.19356653470268564,0
0.29456902355228254,1.624373778297434,0
0.6636641021020482,0.35272557945920474,0
0.3112764651532551,-0.9512231631918102,1
0.6215815609697388,-0.5195214419207411,1
2.2666524276087054,-0.6774394756750343,1
-0.35962406449087037,-0.4180335874031963,1
-0.7508960138467236,1.2996672739990034,0
-1.0120551785472203,0.9939286193958913,0
-0.7344195501352311,-0.057139475876983176,1
0.7265596015595516,0.2787090447490991,1
-1.1577286320098594,0.5707150016306399,0
-0.032092345822352514,1.1882796305334418,0
-0.9543416654213266,1.1501882367119156,0
0.8883104076167905,0.005208993675888174,1
1.5905668031262368,0.1349470485122798,1
1.1516501488425184,-1.0520059372662982,1
-0.28478952325883444,0.1250612573740853,1
-0.8233021802205077,0.37929250469112447,0
0.741865349164128,0.6352198872779473,0
-0.8933186670164194,0.6921371439614196,0
2.431851344772395,-0.8953320357171125,1
-0.7084700395633624,0.5614578045343176,1
-1.1335249832937326,0.3794980228712248,0
0.6183291095098163,0.26163005551821394,0
0.16689219488232476,1.2021696955570547,0
2.3033286930700996,-0.35178738839110835,1
-0.8737950202469316,-0.22505176020213524,0
0.0752130228823148,1.2996472763502767,0
0.8721615658207278,0.6578968831472024,0
-0.47866931688559183,0.6072456956944575,0
-0.8979112853100157,0.5062584970170508,0
-1.4954011750828868,0.6481772638809911,0
-0.5408271445419862,0.24012187496912477,0
1.2698355207968055,1.2700157088569795,0
0.5708632601195499,-0.2645890696830956,1
1.3144737549947503,-0.22013442570086464,1
-0.8155749067536122,0.1030921814974315,0
-1.3339980348899685,0.4597739728329505,0
-0.1730200831418861,0.831826842327602,0
0.6127204181686501,-0.23033687384943513,1
2.2999600957694843,0.6117071352866102,1
0.6195565941822326,0.13998701975829086,0
-0.3966341635265352,0.23741381782018645,1
1.7221252807587188,-0.14410612501947778,1
0.20134500549282475,1.1575423759572538,0
1.445625882845908,-0.7581022252187832,1
1.247033840196421,-0.06475486560084544,1
-0.0016332098533223816,1.0295129892545778,0
-0.14522688578090986,-0.3092721776140718,1
-0.12616469682279108,0.13796697207493888,1
-0.6195497032515644,0.208415073969215,0
2.4631451128237116,-0.875598368806126,1
1.1012590182699795,0.7271634488416634,0
0.9333659964363086,-0.3799544306915405,1
1.6356608402368675,-0.6386409120007346,1
0.1139957644490337,1.4010881485491988,0
0.8468246100040473,0.5402305858265792,0
0.6002681252945058,-0.36158127703823606,1
0.4542685559391372,-0.35680989742839986,1
-0.2850133125828102,1.0015926408568756,0
0.3875749865413688,-0.15494505299961628,0
1.7047788594965616,-0.1319256612617964,1
-0.6786192563280729,0.8541211354101492,0
-0.9845075195069759,1.0412710255721846,0
0.544086372249602,-0.3339750685513457,1
0.5230959203352832,-0.1647617130647014,1
0.7567051565463647,-0.6108222351383422,1
0.7444935964671469,0.8466297381260478,0
-1.0932053688812555,-0.6680651600621155,0
-0.6461054881471431,0.4698142959857758,0
0.06775239887638229,0.8955473709845596,0
0.3469600483481434,1.0823874770222313,0
0.6580475245032973,0.4066589534175928,0
0.6459138632790687,0.7792044722237347,0
-0.8422750183500083,1.4988341097886946,0
0.8967243918865057,0.11075888599990164,0
-0.5256890180647684,0.8090878463872135,0
1.7237370260596643,-0.29567264808164184,1
-0.879616452489202,0.6500863015336602,0
2.252959132712284,0.058522082953534296,1
0.5343577519203517,1.6133334052238653,0
-0.8167747607602216,0.37054772815576187,0
-0.7252188369078656,-0.059237465591257754,0
-0.5709434262981796,0.6494547961167614,0
1.7497920576182198,0.3030862263552556,1
-0.005214253414931383,0.7573713490166618,1
0.22395117049329907,-0.3845173915699064,1
1.1136564068235035,0.6096134480707407,0
0.951036312665107,-0.6566863307924747,1
-0.1812323694547286,0.14481856348289093,1
-0.7748760334201842,0.8177009909985391,0
1.5833445316047137,-0.9575870975696684,1
-0.1400958107592417,1.3169822846865955,0
0.7660555080244448,0.3670263707881378,0
-0.5983177630050489,-0.16557348216739545,0
-1.5135589452615417,0.37891741283392855,0
0.24765904768731303,-0.7158876394263842,1
-0.45464992346482525,1.1197278580930259,0
-0.55453741774946,0.9574151773223127,0
1.917561015130742,-0.6185077253765852,1
-0.10548391766785106,0.7725255059347758,0
1.620787842482581,-0.01624418184108009,1
0.8070678972701305,0.19722539301190764,0
1.860931929936057,0.1024313540810513,0
0.3691622765577488,-0.4109861136410286,1
0.5191525806509139,-0.16364768179240274,1
2.508890235873346,-0.5678893465823862,1
-1.9292480162543524,0.026140139833513043,0
-0.5592954241026773,-0.5665447477590283,0
0.7908959355613492,0.6186280509451834,1
0.9242074712622321,0.12649409549866514,0
-0.30019109140881195,-0.3112281439104042,1
-0.9555435931494846,-0.228514726546975,0
2.1880679179770324,-0.7797780031344101,1
1.129782303905092,-0.8317398964742272,1
-0.4312247232935655,0.7292193019847736,0
1.1631619959882569,-0.20743006542664066,0
0.6026695504151158,1.034747755747548,0
0.7536653332628467,0.8072330397629036,0
1.7689504005739916,-0.990613123599263,1
0.6554037164479039,0.04719611139758606,1
1.936388295084561,0.6264315421247784,1
1.4503224011586342,0.6828056104221247,1
0.6925220066333485,1.166368315213429,0
2.1095202540258176,0.45626886297743374,1
-0.6049031532022142,0.826941033539049,1
-0.17050897639895418,1.1990638419260395,0
0.25536051987531316,0.002124356787330972,0
0.8520788657343696,-0.33085978456068327,1
0.76351323370044,-0.106799116393297,1
0.26197531807565755,0.4071216102560544,0
0.875449502100985,-0.2142994025986068,1
0.03560827883994962,-0.3417386998147207,1
2.0618437758993706,1.2905503484500578,1
0.05148488543957236,0.9663202884513082,0
1.554035291221214,-0.4080275815735694,1
-0.3942430047225182,0.44167890971912765,0
1.4780377514211884,-0.008948232627534414,1
-0.3326403599601707,1.0100838636155691,1
1.4523846307776662,-0.7273540026349026,1
1.4132036767088596,-0.6146175660620566,1
-0.6882929728667252,0.00875457727688149,0
1.9080061580912124,0.3348028679520495,1
0.7458014023040183,-0.021165712698407058,0
-1.2534286147328915,0.9651322557539467,0
1.3345449871250739,-0.631404410793794,1
0.21651664188570785,0.21809139454330717,0
0.1879397976105739,0.041159814382593474,0
1.5123351688855742,-0.5461287299300221,1
0.16803371768848896,1.1263351695611348,0
2.824445587445844,-0.2644482956128352,1
1.1202551541385855,-0.049913053213738845,1
0.44007310536731303,0.7407879553703083,0
0.8101850580068969,0.1903683462927258,0
-0.10289824107211198,0.9499049719390297,0
0.21343964087161305,0.18683494009322374,1
0.09257895471818711,-0.5328769245709765,1
0.5784107576785701,0.3845365878981535,0
1.1470239945210055,-0.2717890871051823,1
1.6010789984450238,0.08252878330174651,1
-0.7254998354001181,0.28489492063963395,0
1.492411464308264,0.3102344576319052,1
-0.9477025721764331,0.2661596457846618,0
1.367608612520971,0.00787915911753373,1
0.14716205878485344,-0.3189334071730686,1
0.1386639451136139,-0.6749580225902883,1
0.9352682470097308,-0.3115269561332813,1
0.9226491335762398,-0.09389310597998779,1
1.0187507638171551,0.06836368457680786,1
0.4747757192072818,-0.44419219929201337,1
1.8410970059713732,-0.07122409507042844,1
-0.32238001824320495,0.15507642655343423,0
1.0147562289126058,-0.032976089891437965,1
0.6378501968474145,0.8424077647346844,0
-0.31109680430237974,-0.025906030770068783,0
0.4387893090209705,-0.5136105588890136,1
-0.5454875234022725,0.6107551945240273,0
1.7294953276969929,-0.5997141261142083,1
-1.5917349788815014,0.575615825823821,0
-1.7890127210851903,0.14022241923750775,0
1.264389414715661,0.5367634317478254,0
2.6981748128921215,0.5154081582832684,1
1.5024599050432383,-0.13426808399811824,1
-0.04881884244402743,0.366683069883313,0
-0.287388056981877,-0.13620561103593665,1
-0.521038847576307,-0.18866509158584716,1
1.4459330566092752,-1.0072281592298564,1
1.1096840081401282,0.6046228127686923,0
0.9202634291734658,-0.6149762305512045,1
1.0598325850096002,-0.2121686622426922,1
-0.14571607275271906,0.6333852907200082,0
1.8581877986328257,0.3139838995245774,1
-0.13923028474891047,0.9044826544985769,1
0.7758901255185577,0.17886329190476782,0
0.6203646297345959,0.5465181370471834,0
-0.39805795050865006,0.7358894142020602,0
1.5471292025321346,0.3758436679989402,1
1.1932810152891529,0.8643533511093686,0
0.9973146062121855,0.992598065686781,1
0.19081036359371506,-0.184914656121219,1
2.004676315385601,0.23437268445886067,1
0.7329440699659084,0.10432191232620605,0
-0.2420199130034273,0.2942431009016092,1
1.683025713535157,-0.3613777061680835,1
0.07608271074440544,0.5465531212306981,1
0.35477358561479816,1.3168343808175296,0
0.8295791486919126,0.5012064371402595,0
0.8196149822469467,-0.8994446118301199,1
-1.3082674150341873,-0.06740631367698907,0
2.102087298513381,0.13481286391042074,1
-0.7358695659442639,0.7943220579099384,0
0.9441150987228069,-0.3158031096538948,1
1.8896228494326428,0.4967326982282967,1
-0.42477469235362897,0.7715484635576456,0
0.6833341187435441,1.2347404498852708,0
1.3272950983655656,-0.3284273989078912,1
0.2559727499201086,-0.2654090817204482,0
1.4906518050666053,-0.16831288181318096,1
0.5725093853334982,-1.1263695774318074,1
0.667462292244837,-1.3686952847739922,1
1.4386727159937023,0.019988913597642932,0
0.588533966998487,1.3746107681722126,0
-0.7878356528180936,0.45085430295491813,0
2.1387194124333413,0.10883531113371364,1
1.9740662108459202,-0.05281976596730348,1
-0.8706059072355941,0.09522908580700529,0
1.86074576097542,-0.36258000928536227,1
-1.196413141830025,0.4997713679590737,0
0.5055335080939971,0.8903282479172572,0
1.694027040508176,0.14269063698391107,1
-0.40163749510025615,0.07705629394596447,1
1.1171920466932432,0.7152619440111778,0
0.8249770205809588,-0.6047834305776083,1
1.6238719139349853,0.3185289494421256,1
0.49412811806435053,1.552045835355822,0
-1.1879899005689931,-0.05798766739876582,0
2.387170420206131,0.24431577548810296,1
0.02624416205822505,0.9923124764370882,0
0.14685647938496604,-0.9539404049639857,1
-0.5060738652664306,1.2582404046212,0
1.0196278912125019,0.3496681857326466,1
1.1709977545384476,1.0172690773670645,0
-0.12704610789194182,-0.40855305238261874,1
0.5780452110044763,0.019479419258366243,1
-0.2916441835558443,1.0973010537875145,0
1.0298528542875007,0.94821982509582,0
-0.1929932338383198,0.9208928200168229,0
1.4466018713356332,-0.288495336520029,1
-1.1828662420762306,0.3592009191490486,0
0.2563631422540482,1.0021955703469587,0
0.9297891442025819,-0.2988400124550902,1
-1.2722604483393833,0.5781082816440027,0
0.6255968684618215,0.13116562330898374,0
0.772979157582867,0.5652855487718447,0
2.203162369402909,-0.025115277137557953,1
0.4659888151718432,0.5684168926770918,0
0.6915687200836875,0.19085954548358502,0
0.5471789270114323,0.5649999588586477,1
0.48286241799798435,1.0241075197006926,0
0.014474526037880353,-0.9707303495772834,1
-1.2534409037402694,-0.04782741387681427,0
0.08196080839214992,0.8639186272074864,0
0.725262037930939,-0.33019358025546264,1
1.991585238755787,-0.0924722650833542,1
2.215991176021396,0.16885813702846536,1
1.1324035939110335,0.12857736841587458,1
1.695146807649811,-0.23978863133018985,1
0.04236716245214209,-0.3279186906859042,1
1.3193494886466937,-0.2361583012873421,1
0.9102510947001206,-0.8325383073262544,1
0.1602011937818959,1.3644918585752484,0
1.9248537650838233,0.6426415271103064,1
-0.4257756064023878,0.8980658403585954,0
0.7226053070036096,-0.15510846176895204,1
0.750831736781322,0.41513936442908417,0
-0.36323399942258666,1.2807037415136273,0
1.2003276917191306,-0.3482447883290877,0
1.2355959779808374,0.08993851696420485,0
-0.4977997122971002,0.6900731594720123,0
1.877766201102753,0.5454006796041153,1
-1.4047065452397818,0.9284528515247101,0
0.7217693170998745,-0.6319929314515115,1
1.564279767121004,-0.1755497112397646,1
1.8962338717627103,0.1261736679480522,1
0.8864673069451159,-0.5530803934053932,1
1.276500154207813,-0.12403474866054809,1
1.454283684992352,-0.8809186451034444,1
0.35854804177841176,-0.4128212702299662,1
1.4227307880636437,0.07889110681291397,1
-0.03212710563953969,1.245287249735799,0
0.6363458463150354,0.18969353010848522,1
-0.2684617289675815,0.1729561537747675,1
1.9437395863033053,-0.5072787576635366,1
0.6479142630567831,-0.7125406580447515,1
2.4907757452037806,0.09089492488089594,1
1.163282427890099,-0.5353795374711431,1
1.9003597269060175,-0.5506731539330807,1
0.383474205899246,-0.5371127725932905,1
-0.9625924479744286,1.598921463341854,0
1.6433716847796702,0.3394706525726867,1
0.392985200530498,-0.6168568042542966,1
1.7555165749438493,0.16122857520250816,1
1.5142601948719163,0.1695240442666041,1
0.9515297463492449,1.2073480423218714,0
-0.6340664537268718,0.4609888790369738,0
0.5500381233054312,-0.40036458114717327,1
1.153892213940174,-1.3665512769324222,1
-0.6154314788178135,0.8539493290443677,0
0.5278268793106782,0.08400389812664422,1
0.5368289580998762,0.24901303435275735,1
-1.0827816966826194,0.4597969214782795,0
0.2637296846812825,1.4453664427619277,0
-0.8415812941997665,0.8129681684282134,0
0.2902912885616027,-0.12480076107655641,1
0.9667210009891853,-0.7870015442934711,1
0.7433462114806781,-1.2668576275871044,1
0.8657905345556536,-0.4081543753513613,1
2.01144263333976,0.228875009784634,1
0.760817697459643,-1.3514965000417347,1
0.9823495044315717,-0.5422669311993729,1
0.4253551811778478,0.2710334868640477,1
0.7377049604797186,-0.18698150081257325,1
1.6343087183488747,0.1339038008490786,1
0.2913645832088147,-0.6903209355918176,1
2.4114728335707833,0.4395126525896038,1
1.3339523668584228,-0.022046025392091967,1
1.5906616464498353,-0.06478836190468251,1
1.6176666068599483,-1.122912198605856,1
-0.5918939738095442,0.11029081041333655,0
-1.2486953021291476,-0.23579699405134225,0
0.32630429445875647,0.5137190874832693,1
1.7858016186360572,0.5734152113830565,1
0.07818559751808768,1.6307768235221354,0
-1.0973742036997054,0.8276650477184648,0
-0.8879969327198449,0.8786947577776101,0
-0.04127148929589583,0.41454221036301225,1
0.348160677599102,0.007060313566356946,1
1.9253673721518259,0.5969386734953667,1
0.034953951245622866,-0.4206524448981306,1
0.021463582904584305,0.6761214089228728,0
0.6099474400606196,0.20223597761841466,1
-0.35324836689647465,0.8033741467984298,0
0.4677642414827448,-0.136031047934614,1
1.2756506102490386,0.31959587671935163,1
-1.0467896800404162,0.7241073219076263,0
2.1545551009675044,-0.6013332243672916,1
0.9752808290366507,-0.8982539211666094,1
0.3778372424228133,0.6137518694596786,0
2.001236099297424,0.25266813753962303,1
1.300279737837239,0.39485251461452275,0
-0.09054315443229088,0.2065788794215805,1
0.39004756776582894,0.7003298666551193,0
-0.08954671362269112,0.028074042380793085,1
-1.009257554203209,0.3430177850750586,0
-1.4873703703986627,0.22160084532120028,0
1.2717408513003559,-0.355171091820172,1
2.005065442156932,-0.07023129817960014,1
0.8749269820895158,-0.5780905447791571,1
-0.7388144578950107,0.8421678599134859,0
1.2918372625339192,-0.6581000322039605,1
-0.39001476580164196,-0.1972979145010636,1
1.0639115536347084,0.8346376485192489,0
0.5626022425988038,0.8919363197307588,0
-0.23652352037612967,0.40728823632919603,0
-0.5367300600933137,0.3791383447536239,0
0.07344241245990785,1.1855102564868998,0
-0.5795007652578725,0.8116859774511102,0
1.911590942715108,0.008167717866839848,1
1.2290550791579284,0.2863181694493589,1
0.2930048882430619,0.45678075487029407,1
2.1983649453242573,0.10124703429303239,1
-0.42279460157825405,0.7798353154395787,0
1.9105105103960087,-1.1013100890932803,1
-0.2622086157956667,0.742678394852022,0
2.3719506041344296,-0.17045670748996478,1
-1.4680739219691197,0.10238546272721023,0
0.8014437870825759,-0.28616120619685215,1
-0.5348010890220614,1.142059143911396,0
-0.8619145111483177,0.8516738371964854,0
0.40687718739059264,0.5839268612445125,0
-0.6102484845405287,0.7738288611809186,0
1.7116350803078784,-0.03729552276516768,1
1.9435659294805951,-0.5673993751942349,1
0.34527250851823504,0.5226323363257068,0
-0.35516614712880096,1.03909441310507,0
0.4663962036163907,0.1760618379778119,1
-0.07890010849979152,0.16204945894638112,1
-1.1897713864068653,0.3363466485281743,0
-1.368975119649039,1.150332741419803,0
0.5424782290819709,0.8770553593760616,0
0.40451986481672575,0.6765696941592332,0
0.2816114285639333,0.49398590101480916,1
0.5943275191412516,0.22527730601952684,0
-0.47179379977256153,0.3454596239684685,1
1.161397793850313,0.9805350106581648,0
1.0485143802123214,-0.8890215965738183,1
2.0612962391519027,-0.08814412555468784,1
-0.5552697615118608,1.2409409578231165,0
0.6074540970935784,1.2678281945648189,0
-0.1846088252757171,-0.3033459768811101,0
1.6961065032208889,-0.19478771579007687,1
-0.34164671775037936,0.5509526431876761,0
0.8152838647768706,0.8357452666539675,0
1.363081156202481,-0.7577617275418531,1
-0.709135272702451,-0.05579824253199664,1
-0.06989328420785071,0.0728860883981301,1
0.9399928198566808,-0.39419256310849426,1
-0.5074402864993495,0.3887347459520818,0
0.30655724847710253,-0.7397530395275802,1
-0.22486763974195378,-0.11876640156453855,1
0.1383856373813747,0.9749645689986288,0
1.3504404401545531,-0.2007885884760972,1
0.8747161391961278,-0.4384504022048409,0
1.5758646631768791,0.27049420735425134,1
1.569953143670991,-0.12376179904103861,0
0.45857085769648903,-0.8019286714723693,1
0.28396565817471514,-0.021486551115797003,1
0.1465215904940452,0.900620906974505,0
0.8981022755275769,0.5792827136183955,0
1.0830577055163462,0.44294986906550365,0
-0.8003339018348865,0.6023384160989955,0
0.43976651252079435,0.6225804109329737,0
-0.8186518671922431,0.7049456203569092,0
0.06222687638238481,0.5824666095532147,1
-0.5590707014596781,-0.048852294923551975,0
0.8365760406720255,0.3977116271755444,0
1.9909855293897056,0.09314281544141223,1
-1.4012720420900622,0.8082659113104886,0
1.51692329843159,-0.5133869954685788,1
1.140019033861547,0.5387696663990644,0
1.3286292631106356,-0.22864531546605163,1
0.275501471260566,0.3930459952325831,1
0.8177580139062836,-0.04857706087603125,1
0.8374880338622658,-0.41722385254875666,1
0.729680268223709,-0.3072161783870584,1
-0.9104423151740991,2.009828136978287,0
2.212365936108095,0.5501166493411793,1
-0.364584652205052,1.4843404966186777,0
2.2858215798561887,0.531601725894364,1
0.7153081297248397,0.6919806469882112,0
-1.190239063659086,-0.3178661788470753,0
0.5319874829705253,0.0506116492687646,0
0.8441948861068849,-0.1889198941730671,0
1.3237769856094863,-0.48344302645308634,1
-0.6019006040354061,0.5418196772447275,0
1.535571008931155,1.4964541429565765,0
-1.0924501763381753,0.8971443653377,0
0.7583699108726549,-0.905790654511563,1
1.3489771112721134,0.2073069445097444,1
1.5286311540765278,0.28871132321915477,1
0.4786751308359796,0.654930251335139,1
-0.5454815409790921,1.1690072016906656,0
0.9843041860163256,-0.6529014609354986,1
-0.3065289685461808,1.0778167726837689,1
0.09408718797188947,0.6758496287190257,1
0.39643923666124603,-0.9492350968560029,1
1.719213379076819,0.12913810135985693,1
0.8399590683839366,-0.4680082702763039,1
-0.6223953641010633,-0.2692723126720925,1
1.0676619180435802,0.8424518422742806,0
0.8375386795799664,-0.30038825825942234,0
-1.1729479425729492,0.49828558326086847,0
0.23108031188261183,1.3709410441999599,0
0.6494581811416965,-0.9497883610273864,1
1.0395771025196547,-0.8271291774466012,1
1.7885433443628587,0.9390394134881739,1
0.9932624465965147,-0.37810578062892247,1
0.450564129992281,0.3668397474622352,0
1.0088679051707028,-0.5595288441201026,1
-0.40854942408317263,0.8323890543827854,0
0.4640455652078844,1.1015965499936575,0
0.8359913286069884,0.14870891353642257,1
-0.5850616855458788,0.44469979282260863,0
0.5468765833791025,0.7828064701386059,0
0.48293989556043027,-0.01643336670496548,0
0.9868134517368115,-0.040150731500336434,0
0.30298190369203504,1.3994214447813755,0
0.16254310518253318,1.1554251580448895,0
0.406625914458244,0.18799901700853283,1
1.2598837743603695,-0.06139061803221224,0
-0.6426712463569068,0.3971860208315109,0
1.031155805467651,-0.22841547034344428,0
0.25467598490808174,1.3117644516462859,0
1.5846657769146275,-0.5077524653545364,1
0.8724580323843655,-0.32584170922570765,1
0.21107639785680182,0.5356733981133404,1
1.4054729650648072,-0.10815875573794165,1
-0.7329150642570855,-0.05163993629307129,0
0.2539933686525909,0.17962985007504728,1
1.2601631775562907,-0.2585382469036904,1
1.8234599654418722,-0.22124080080560704,1
-0.24462071337411403,1.1043658944331012,0
1.7263539695288452,0.2553406802433957,1
-0.9292292313145515,1.280584400666412,0
-1.109072548573069,0.7127975068860971,0
1.4400087894602056,0.5275564002488978,0
1.4180209007256852,-0.9047111416712367,1
-1.585968041438763,-0.4741318653770623,0
-0.035633896046216695,0.8559009982315225,0
1.1542694415892103,-1.388167167402648,1
1.1230051093385047,0.05648037190410882,1
0.08169590227692107,0.9405727863548303,0
0.2590011851640507,0.8992990460540156,1
-0.00831209967701299,1.024534361220262,0
1.339652781992804,0.491942885414858,1
-1.7403211670718284,0.7079822870699193,0
-0.7480067753262479,0.9388009759046974,0
0.43913685422473286,0.6925062730876452,0
1.2823844173752288,1.311155574044157,0
0.8341474353251116,-0.7114724372316896,1
-0.042486053062202433,0.8105347919053352,0
-0.5554690078247168,-0.17891495217420225,1
0.9395255905704674,0.2533109867408092,0
-0.5710492899665875,0.3330372664063891,0
-0.07370081962607344,-0.1823820317869449,1
0.9916707436003778,1.2292904309561583,0
-0.8160892659466522,0.4778589278576264,0
0.8353605404249936,-0.685452340396961,1
0.20682432780160598,0.31805888998662324,1
0.5346530496359726,1.040577218158822,0
-0.772795653418946,0.3678075195400328,0
0.42290926198176987,-1.0042066603375894,1
2.4616565923436555,-0.828427547616776,1
0.5048056751004948,0.22141936832935274,0
2.0712906926497983,-0.3253382826106321,1
-1.4145285530031764,0.8934793970233332,0
0.3662803437077667,0.338144718583811,1
0.9665297718970909,0.5102475135125506,1
1.8368444982736292,-0.004494416317536054,0
1.5945488675402677,-0.34521879596696226,1
0.7077862217390691,0.18436149528189927,0
0.19909946235558174,-0.5056314274898783,1
0.43637747054742226,1.4228881559163997,0
0.09867960747210114,0.36258308820585994,0
1.8706502081282201,-0.4813113477022674,1
0.3011831076141212,0.5025388490781801,1
1.7854542971424676,-0.3694933168889868,1
-0.4423374492384008,-0.2429379142892928,1
0.3661488171427604,0.11026025212364038,1
0.3424034211317005,-0.46790755560334696,1
-1.0280507893127406,0.8420953738517903,0
0.7388845475059105,-1.0283263205795043,1
0.3749408253836006,0.032099775458784424,1
