Sequence_Name,mcg,gvh,alm,mit,erl,pox,vac,nuc,label
0,0.58,0.61,0.47,0.13,0.5,0.0,0.48,0.22,0
1,0.43,0.67,0.48,0.27,0.5,0.0,0.53,0.22,0
2,0.64,0.62,0.49,0.15,0.5,0.0,0.53,0.22,0
3,0.58,0.44,0.57,0.13,0.5,0.0,0.54,0.22,1
4,0.42,0.44,0.48,0.54,0.5,0.0,0.48,0.22,0
5,0.51,0.4,0.56,0.17,0.5,0.5,0.49,0.22,2
6,0.5,0.54,0.48,0.65,0.5,0.0,0.53,0.22,0
7,0.48,0.45,0.59,0.2,0.5,0.0,0.58,0.34,1
8,0.55,0.5,0.66,0.36,0.5,0.0,0.49,0.22,0
9,0.4,0.39,0.6,0.15,0.5,0.0,0.58,0.3,2
10,0.43,0.39,0.54,0.21,0.5,0.0,0.53,0.27,1
11,0.42,0.37,0.59,0.2,0.5,0.0,0.52,0.29,1
12,0.4,0.42,0.57,0.35,0.5,0.0,0.53,0.25,2
13,0.6,0.4,0.52,0.46,0.5,0.0,0.53,0.22,0
14,0.66,0.55,0.45,0.19,0.5,0.0,0.46,0.22,0
15,0.46,0.44,0.52,0.11,0.5,0.0,0.5,0.22,2
16,0.47,0.39,0.5,0.11,0.5,0.0,0.49,0.4,2
17,0.58,0.47,0.54,0.11,0.5,0.0,0.51,0.26,1
18,0.5,0.34,0.55,0.21,0.5,0.0,0.49,0.22,1
19,0.61,0.6,0.55,0.21,0.5,0.0,0.5,0.25,1
20,0.45,0.4,0.5,0.16,0.5,0.0,0.5,0.22,2
21,0.43,0.44,0.48,0.22,0.5,0.0,0.51,0.22,2
22,0.73,0.63,0.42,0.3,0.5,0.0,0.49,0.22,2
23,0.43,0.53,0.52,0.13,0.5,0.0,0.55,0.22,2
24,0.46,0.53,0.52,0.15,0.5,0.0,0.58,0.22,2
25,0.51,0.51,0.52,0.51,0.5,0.0,0.54,0.22,0
26,0.59,0.45,0.53,0.19,0.5,0.0,0.59,0.27,2
27,0.57,0.47,0.6,0.18,0.5,0.0,0.51,0.22,2
28,0.63,0.67,0.57,0.24,0.5,0.0,0.49,0.22,0
29,0.8,0.88,0.36,0.39,0.5,0.0,0.56,0.33,3
30,0.53,0.54,0.43,0.1,0.5,0.0,0.57,0.32,1
31,0.51,0.51,0.43,0.87,0.5,0.0,0.52,0.22,0
32,0.38,0.61,0.61,0.12,0.5,0.0,0.53,0.47,2
33,0.33,0.55,0.51,0.43,0.5,0.0,0.51,0.22,1
34,0.78,0.74,0.42,0.26,0.5,0.0,0.43,0.22,3
35,0.74,0.67,0.47,0.34,0.5,0.0,0.42,0.22,4
36,0.72,0.61,0.45,0.3,0.5,0.0,0.54,0.25,0
37,0.4,0.45,0.57,0.18,0.5,0.0,0.56,0.26,2
38,0.59,0.53,0.43,0.44,0.5,0.0,0.5,0.22,0
39,0.57,0.53,0.53,0.34,0.5,0.0,0.53,0.22,0
40,0.86,0.68,0.39,0.24,0.5,0.0,0.54,0.22,5
41,0.86,0.74,0.51,0.4,0.5,0.0,0.55,0.22,5
42,0.79,0.57,0.41,0.28,0.5,0.0,0.59,0.22,5
43,0.41,0.54,0.39,0.2,0.5,0.0,0.51,0.22,6
44,0.37,0.36,0.56,0.18,0.5,0.0,0.48,0.26,7
45,0.53,0.31,0.58,0.39,0.5,0.0,0.47,0.37,1
46,0.74,0.75,0.58,0.47,0.5,0.0,0.4,0.35,5
47,0.49,0.39,0.52,0.29,0.5,0.0,0.48,0.22,4
48,0.74,0.57,0.51,0.28,0.5,0.0,0.58,0.22,7
49,0.42,0.24,0.34,0.16,0.5,0.0,0.5,0.22,6
50,0.48,0.39,0.51,0.21,0.5,0.0,0.52,0.28,2
51,0.41,0.53,0.45,0.14,0.5,0.0,0.52,0.66,6
52,0.45,0.46,0.55,0.43,0.5,0.0,0.55,0.38,1
53,0.56,0.48,0.58,0.27,0.5,0.0,0.51,0.22,2
54,0.64,0.59,0.56,0.23,0.5,0.0,0.46,0.22,2
55,0.64,0.56,0.56,0.22,0.5,0.0,0.45,0.22,2
56,0.66,0.62,0.49,0.1,0.5,0.0,0.49,0.22,2
57,0.53,0.44,0.51,0.33,0.5,0.0,0.55,0.22,2
58,0.38,0.49,0.53,0.19,0.5,0.0,0.5,0.22,2
59,0.45,0.58,0.48,0.67,0.5,0.0,0.52,0.22,0
60,0.43,0.35,0.52,0.52,0.5,0.0,0.54,0.22,0
61,0.37,0.32,0.47,0.18,0.5,0.0,0.45,0.25,1
62,0.48,0.43,0.51,0.32,0.5,0.0,0.52,0.43,1
63,0.41,0.46,0.59,0.19,0.5,0.0,0.58,0.27,1
64,0.54,0.48,0.44,0.08,0.5,0.0,0.52,0.27,2
65,0.6,0.47,0.45,0.22,0.5,0.0,0.51,0.29,2
66,0.34,0.46,0.57,0.09,0.5,0.0,0.55,0.22,2
67,0.48,0.54,0.55,0.12,0.5,0.0,0.51,0.22,2
68,0.47,0.39,0.59,0.15,0.5,0.0,0.57,0.22,2
69,0.81,0.85,0.47,0.37,0.5,0.0,0.56,0.22,4
70,0.48,0.42,0.52,0.24,0.5,0.0,0.56,0.22,2
71,0.58,0.51,0.49,0.27,0.5,0.0,0.57,0.29,2
72,0.6,0.5,0.44,0.61,0.5,0.0,0.47,0.22,0
73,0.45,0.55,0.54,0.66,0.5,0.0,0.47,0.22,0
74,0.46,0.49,0.58,0.23,0.5,0.0,0.44,0.22,0
75,0.49,0.42,0.56,0.55,0.5,0.0,0.42,0.25,0
76,0.63,0.53,0.54,0.4,0.5,0.0,0.5,0.22,0
77,0.5,0.54,0.53,0.54,0.5,0.0,0.51,0.27,0
78,0.63,0.57,0.59,0.4,0.5,0.0,0.38,0.22,0
79,0.43,0.57,0.51,0.49,0.5,0.0,0.48,0.22,0
80,0.48,0.45,0.55,0.5,0.5,0.0,0.53,0.22,0
81,0.5,0.58,0.46,0.46,0.5,0.0,0.46,0.22,0
82,0.51,0.54,0.6,0.57,0.5,0.0,0.58,0.22,0
83,0.54,0.52,0.63,0.37,0.5,0.0,0.46,0.22,0
84,0.67,0.62,0.4,0.43,0.5,0.83,0.5,0.22,0
85,0.28,0.58,0.21,0.13,0.5,0.0,0.51,0.22,6
86,0.39,0.44,0.35,0.16,0.5,0.0,0.55,0.22,6
87,0.8,0.63,0.45,0.29,0.5,0.0,0.51,0.22,4
88,0.5,0.52,0.59,0.3,0.5,0.0,0.51,0.35,1
89,0.42,0.47,0.52,0.41,0.5,0.0,0.53,0.32,2
90,0.36,0.46,0.62,0.46,0.5,0.0,0.51,0.33,2
91,0.46,0.38,0.47,0.22,0.5,0.0,0.52,0.27,0
92,0.4,0.45,0.56,0.2,0.5,0.0,0.45,0.22,2
93,0.33,0.43,0.64,0.16,0.5,0.0,0.52,0.52,1
94,0.49,0.61,0.49,0.25,0.5,0.0,0.5,0.28,2
95,0.38,0.5,0.37,0.26,0.5,0.0,0.43,0.22,6
96,0.69,0.7,0.52,0.36,0.5,0.0,0.46,0.22,4
97,0.61,0.72,0.39,0.33,0.5,0.0,0.58,0.22,0
98,0.78,0.75,0.4,0.28,0.5,0.0,0.53,0.22,0
99,0.64,0.57,0.57,0.27,0.5,0.0,0.37,0.22,2
100,0.36,0.58,0.35,0.24,0.5,0.0,0.44,0.22,6
101,0.36,0.43,0.39,0.12,0.5,0.0,0.49,0.22,6
102,0.47,0.52,0.5,0.4,0.5,0.0,0.41,0.22,2
103,0.48,0.23,0.57,0.27,0.5,0.0,0.48,0.47,1
104,0.47,0.39,0.55,0.24,0.5,0.0,0.47,0.22,2
105,0.44,0.59,0.36,0.16,0.5,0.0,0.52,0.22,6
106,0.42,0.35,0.54,0.18,0.5,0.0,0.56,0.22,2
107,0.3,0.56,0.55,0.18,0.5,0.0,0.5,0.22,2
108,0.65,0.65,0.52,0.16,0.5,0.0,0.6,0.22,2
109,0.27,0.6,0.48,0.23,0.5,0.0,0.55,0.22,2
110,0.45,0.41,0.5,0.46,0.5,0.5,0.5,0.27,8
111,0.44,0.52,0.41,0.23,0.5,0.0,0.51,0.22,1
112,0.3,0.32,0.57,0.19,0.5,0.0,0.48,0.55,1
113,0.4,0.44,0.49,0.47,0.5,0.0,0.49,0.27,1
114,0.45,0.51,0.5,0.16,0.5,0.0,0.52,1.0,1
115,0.45,0.45,0.5,0.6,0.5,0.0,0.49,0.22,0
116,0.59,0.67,0.56,0.41,0.5,0.0,0.47,0.22,0
117,0.47,0.47,0.57,0.48,0.5,0.0,0.48,0.22,0
118,0.35,0.52,0.48,0.22,0.5,0.0,0.26,0.22,0
119,0.47,0.41,0.66,0.26,0.5,0.0,0.53,0.22,0
120,0.64,0.62,0.29,0.28,0.5,0.0,0.51,0.22,0
121,0.55,0.53,0.55,0.46,0.5,0.0,0.52,0.22,0
122,0.67,0.62,0.54,0.43,0.5,0.0,0.53,0.22,0
123,0.59,0.6,0.49,0.43,0.5,0.0,0.53,0.31,0
124,0.54,0.55,0.34,0.31,0.5,0.0,0.54,0.22,6
125,0.58,0.62,0.54,0.17,0.5,0.0,0.48,0.22,0
126,0.4,0.38,0.53,0.16,0.5,0.0,0.52,0.27,1
127,0.46,0.71,0.48,0.53,0.5,0.0,0.53,0.22,0
128,0.53,0.51,0.55,0.05,0.5,0.0,0.45,0.25,1
129,0.41,0.4,0.59,0.47,0.5,0.0,0.48,0.43,2
130,0.5,0.64,0.57,0.15,0.5,0.0,0.47,0.22,2
131,0.4,0.62,0.52,0.31,0.5,0.0,0.49,0.31,2
132,0.6,0.5,0.57,0.25,0.5,0.0,0.41,0.26,2
133,0.62,0.51,0.52,0.42,0.5,0.0,0.54,0.27,1
134,0.35,0.58,0.54,0.16,0.5,0.0,0.51,0.22,1
135,0.34,0.54,0.5,0.21,0.5,0.0,0.54,0.31,2
136,0.39,0.58,0.5,0.26,0.5,0.0,0.54,0.59,6
137,0.48,0.54,0.5,0.17,0.5,0.0,0.53,0.22,1
138,0.29,0.32,0.58,0.15,0.5,0.0,0.5,0.3,2
139,0.47,0.32,0.64,0.3,0.5,0.0,0.63,0.22,1
140,0.39,0.47,0.56,0.16,0.5,0.0,0.47,0.22,2
141,0.58,0.48,0.51,0.47,0.5,0.0,0.55,0.22,1
142,0.64,0.6,0.57,0.19,0.5,0.0,0.43,0.22,1
143,0.37,0.46,0.4,0.27,0.5,0.0,0.45,0.22,1
144,0.43,0.57,0.53,0.16,0.5,0.0,0.54,0.22,2
145,0.28,0.37,0.61,0.09,0.5,0.0,0.52,0.55,1
146,0.59,0.48,0.5,0.14,0.5,0.0,0.45,0.25,2
147,0.39,0.55,0.48,0.31,0.5,0.0,0.54,0.29,2
148,0.26,0.36,0.47,0.34,0.5,0.0,0.53,0.72,1
149,0.51,0.34,0.5,0.19,0.5,0.0,0.5,0.22,1
150,0.58,0.5,0.5,0.12,0.5,0.0,0.48,0.25,1
151,0.44,0.39,0.53,0.14,0.5,0.0,0.54,0.44,2
152,0.41,0.39,0.44,0.34,0.5,0.0,0.48,0.4,1
153,0.45,0.43,0.51,0.24,0.5,0.0,0.54,0.33,2
154,0.36,0.68,0.46,0.16,0.5,0.0,0.53,0.28,1
155,0.42,0.31,0.5,0.15,0.5,0.0,0.53,0.22,1
156,0.42,0.43,0.56,0.1,0.5,0.0,0.49,0.22,2
157,0.67,0.71,0.52,0.65,0.5,0.0,0.53,0.36,1
158,0.49,0.47,0.53,0.16,0.5,0.0,0.48,0.27,1
159,0.71,0.59,0.48,0.43,0.5,0.0,0.59,0.22,0
160,0.4,0.42,0.71,0.21,0.5,0.0,0.54,0.32,2
160,0.4,0.42,0.71,0.21,0.5,0.0,0.54,0.32,2
161,0.54,0.49,0.49,0.2,0.5,0.0,0.52,0.22,2
162,0.42,0.51,0.5,0.12,0.5,0.0,0.52,0.46,1
163,0.57,0.51,0.53,0.18,0.5,0.0,0.56,0.25,1
164,0.35,0.45,0.43,0.11,0.5,0.0,0.56,0.22,6
165,0.42,0.42,0.42,0.2,0.5,0.0,0.49,0.22,6
166,0.26,0.5,0.33,0.28,0.5,0.0,0.51,0.22,6
167,0.39,0.42,0.38,0.4,0.5,0.0,0.49,0.47,6
168,0.26,0.44,0.3,0.11,0.5,0.0,0.51,0.47,6
169,0.31,0.44,0.53,0.23,0.5,0.0,0.51,0.32,1
170,0.48,0.61,0.44,0.2,0.5,0.0,0.47,0.22,2
171,0.66,0.45,0.5,0.23,0.5,0.0,0.49,0.22,2
172,0.21,0.41,0.55,0.11,0.5,0.0,0.5,0.27,2
173,0.38,0.68,0.44,0.45,0.5,0.0,0.53,0.22,0
174,0.44,0.38,0.48,0.32,0.5,0.83,0.53,0.22,8
175,0.31,0.31,0.56,0.33,0.5,0.0,0.52,0.33,1
176,0.49,0.31,0.49,0.35,0.5,0.0,0.51,0.29,1
177,0.38,0.37,0.56,0.21,0.5,0.0,0.49,0.22,1
178,0.39,0.4,0.53,0.67,0.5,0.0,0.47,0.22,2
179,0.24,0.34,0.69,0.18,0.5,0.0,0.52,0.22,2
180,0.49,0.43,0.51,0.13,0.5,0.0,0.47,0.22,2
181,0.54,0.38,0.52,0.18,0.5,0.0,0.48,0.22,2
182,0.43,0.57,0.53,0.53,0.5,0.0,0.53,0.25,2
183,0.48,0.64,0.61,0.23,0.5,0.0,0.6,0.22,2
184,0.31,0.55,0.52,0.17,0.5,0.0,0.52,0.22,2
185,0.32,0.57,0.5,0.15,0.5,0.0,0.53,0.22,2
186,0.32,0.42,0.52,0.24,0.5,0.0,0.6,0.22,2
187,0.59,0.5,0.52,0.28,0.5,0.0,0.55,0.25,2
188,0.37,0.42,0.51,0.11,0.5,0.0,0.57,0.22,2
189,0.75,0.7,0.38,0.27,0.5,0.0,0.49,0.22,3
190,0.61,0.72,0.31,0.33,0.5,0.0,0.56,0.22,0
191,0.44,0.42,0.6,0.21,0.5,0.0,0.57,0.22,2
192,0.52,0.51,0.51,0.54,0.5,0.0,0.55,0.27,0
193,0.63,0.56,0.45,0.58,0.5,0.0,0.51,0.22,0
194,0.52,0.56,0.54,0.53,0.5,0.0,0.45,0.22,0
195,0.58,0.58,0.58,0.49,0.5,0.0,0.49,0.26,0
196,0.72,0.62,0.34,0.29,0.5,0.0,0.56,0.28,0
197,0.72,0.61,0.37,0.3,0.5,0.0,0.57,0.22,0
198,0.46,0.43,0.38,0.33,0.5,0.0,0.48,0.28,0
199,0.57,0.57,0.44,0.37,0.5,0.0,0.52,0.25,0
200,0.42,0.31,0.62,0.12,0.5,0.0,0.4,0.22,0
201,0.49,0.46,0.45,0.45,0.5,0.0,0.52,0.22,0
202,0.42,0.58,0.41,0.65,0.5,0.0,0.46,0.26,0
203,0.59,0.61,0.34,0.22,0.5,0.0,0.51,0.22,0
204,0.52,0.77,0.38,0.34,0.5,0.0,0.51,0.22,0
205,0.5,0.52,0.6,0.51,0.5,0.0,0.48,0.22,0
206,0.49,0.6,0.43,0.56,0.5,0.0,0.36,0.22,0
207,0.5,0.41,0.44,0.5,0.5,0.0,0.42,0.22,0
208,0.5,0.4,0.56,0.7,0.5,0.0,0.5,0.22,0
209,0.37,0.58,0.44,0.51,0.5,0.0,0.44,0.22,0
210,0.55,0.45,0.45,0.54,0.5,0.0,0.5,0.22,0
211,0.67,0.68,0.46,0.29,0.5,0.0,0.46,0.22,0
212,0.53,0.51,0.46,0.28,0.5,0.0,0.48,0.22,2
213,0.35,0.66,0.49,0.21,0.5,0.0,0.54,0.25,2
214,0.52,0.4,0.6,0.12,0.5,0.0,0.55,0.22,2
215,0.77,0.79,0.58,0.23,0.5,0.0,0.48,0.22,4
216,0.47,0.46,0.59,0.49,0.5,0.0,0.56,0.22,0
217,0.73,0.83,0.43,0.3,0.5,0.0,0.55,0.22,3
218,0.78,0.74,0.58,0.25,1.0,0.0,0.53,0.22,9
219,0.7,0.65,0.54,0.28,0.5,0.0,0.6,0.4,7
220,0.47,0.54,0.37,0.14,0.5,0.0,0.5,0.22,6
221,0.56,0.52,0.48,0.17,0.5,0.0,0.46,0.22,1
222,0.57,0.41,0.59,0.24,0.5,0.0,0.4,0.22,2
223,0.56,0.41,0.58,0.21,0.5,0.0,0.42,0.22,2
224,0.58,0.56,0.45,0.12,0.5,0.0,0.51,0.22,1
225,0.53,0.38,0.66,0.25,0.5,0.0,0.43,0.22,1
226,0.34,0.36,0.54,0.11,0.5,0.0,0.36,0.21,1
227,0.69,0.61,0.38,0.27,0.5,0.0,0.52,0.22,5
228,0.37,0.53,0.6,0.19,0.5,0.5,0.42,0.22,8
229,0.41,0.45,0.53,0.17,0.5,0.0,0.51,0.25,1
230,0.31,0.46,0.54,0.52,0.5,0.0,0.5,0.34,1
231,0.36,0.37,0.33,0.14,0.5,0.0,0.57,0.31,6
232,0.82,0.78,0.49,0.23,0.5,0.0,0.46,0.22,4
233,0.82,0.75,0.54,0.23,0.5,0.0,0.46,0.22,4
234,0.41,0.51,0.58,0.15,0.5,0.0,0.45,0.27,2
235,0.38,0.51,0.75,0.17,0.5,0.0,0.55,0.22,2
235,0.38,0.51,0.75,0.17,0.5,0.0,0.55,0.22,2
236,0.53,0.44,0.51,0.33,0.5,0.0,0.52,0.22,0
237,0.46,0.54,0.71,0.15,0.5,0.0,0.59,0.22,0
238,0.4,0.56,0.48,0.14,0.5,0.0,0.47,0.22,0
239,0.53,0.53,0.6,0.13,0.5,0.0,0.49,0.22,0
240,0.42,0.57,0.72,0.22,0.5,0.0,0.57,0.22,0
241,0.45,0.27,0.57,0.36,0.5,0.0,0.52,0.18,2
242,0.2,0.26,0.52,0.14,0.5,0.0,0.53,0.44,2
243,0.51,0.53,0.55,0.14,0.5,0.0,0.51,0.22,2
244,0.44,0.68,0.45,0.51,0.5,0.0,0.52,0.41,0
245,0.27,0.39,0.66,0.11,0.5,0.0,0.44,0.22,0
246,0.55,0.42,0.34,0.3,0.5,0.0,0.52,0.22,6
247,0.34,0.42,0.3,0.23,0.5,0.0,0.53,0.22,6
248,0.44,0.53,0.52,0.23,0.5,0.83,0.51,0.22,8
249,0.59,0.58,0.56,0.21,0.5,0.0,0.54,0.33,1
250,0.39,0.28,0.46,0.12,0.5,0.0,0.41,0.22,1
251,0.56,0.43,0.54,0.16,0.5,0.0,0.5,0.22,1
252,0.36,0.68,0.38,0.08,0.5,0.0,0.53,0.25,7
253,0.27,0.36,0.6,0.33,0.5,0.0,0.37,0.31,1
254,0.35,0.4,0.59,0.22,0.5,0.0,0.47,0.37,1
255,0.42,0.32,0.5,0.21,0.5,0.0,0.51,0.22,1
256,0.23,0.2,0.53,0.2,0.5,0.0,0.44,0.22,1
257,0.55,0.54,0.56,0.22,0.5,0.0,0.5,0.37,1
258,0.36,0.24,0.49,0.16,0.5,0.0,0.51,0.22,1
259,0.38,0.48,0.59,0.22,0.5,0.0,0.46,0.22,2
260,0.8,0.46,0.5,0.15,0.5,0.0,0.53,0.22,2
261,0.6,0.56,0.47,0.2,0.5,0.0,0.5,0.38,1
262,0.41,0.24,0.54,0.26,0.5,0.0,0.41,0.22,1
263,0.47,0.65,0.54,0.62,0.5,0.0,0.53,0.36,0
264,0.43,0.39,0.54,0.14,0.5,0.0,0.47,0.22,1
265,0.5,0.51,0.52,0.09,0.5,0.0,0.48,0.25,1
266,0.53,0.61,0.52,0.21,0.5,0.0,0.55,0.3,1
267,0.54,0.42,0.41,0.16,0.5,0.0,0.52,0.22,5
268,0.46,0.35,0.53,0.16,0.5,0.0,0.51,0.29,2
269,0.46,0.43,0.49,0.79,0.5,0.0,0.49,0.63,1
270,0.51,0.55,0.35,0.16,0.5,0.0,0.51,0.47,6
271,0.56,0.52,0.55,0.19,0.5,0.0,0.54,0.22,2
272,0.61,0.3,0.59,0.12,0.5,0.0,0.49,0.27,1
273,0.37,0.53,0.46,0.23,0.5,0.0,0.47,0.22,1
274,0.83,0.58,0.33,0.04,0.5,0.0,0.53,0.22,5
275,0.39,0.45,0.53,0.18,0.5,0.0,0.54,0.22,2
276,0.52,0.54,0.5,0.21,0.5,0.0,0.48,0.3,2
277,0.35,0.39,0.57,0.11,0.5,0.0,0.48,0.22,1
278,0.36,0.49,0.3,0.22,0.5,0.0,0.52,0.31,6
279,0.78,0.7,0.32,0.23,0.5,0.0,0.53,0.22,3
280,0.55,0.46,0.53,0.11,0.5,0.0,0.52,0.48,2
281,0.45,0.56,0.54,0.32,0.5,0.0,0.57,0.22,2
282,0.45,0.56,0.53,0.32,0.5,0.0,0.57,0.22,2
283,0.29,0.43,0.4,0.15,0.5,0.0,0.53,0.22,6
284,0.52,0.75,0.37,0.14,0.5,0.0,0.46,0.22,6
285,0.71,0.56,0.39,0.27,0.5,0.0,0.52,0.22,5
286,0.58,0.6,0.43,0.12,0.5,0.0,0.55,0.22,6
287,0.54,0.65,0.49,0.34,0.5,0.0,0.52,0.22,2
288,0.57,0.59,0.44,0.16,0.5,0.0,0.52,0.22,5
289,0.59,0.58,0.46,0.19,0.5,0.0,0.56,0.27,2
290,0.92,0.61,0.4,0.22,0.5,0.0,0.54,0.22,5
291,0.55,0.56,0.45,0.14,0.5,0.0,0.54,0.22,2
292,0.63,0.61,0.41,0.22,0.5,0.0,0.51,0.22,6
293,0.58,0.53,0.38,0.18,0.5,0.0,0.52,0.22,6
294,0.36,0.46,0.43,0.19,0.5,0.0,0.48,0.22,6
295,0.32,0.47,0.55,0.12,0.5,0.0,0.52,0.22,2
296,0.34,0.38,0.45,0.19,0.5,0.0,0.51,0.22,5
297,0.62,0.58,0.46,0.13,0.5,0.0,0.53,0.22,2
298,0.53,0.68,0.42,0.19,0.5,0.0,0.53,0.22,6
299,0.73,0.55,0.41,0.16,0.5,0.0,0.46,0.22,5
300,0.55,0.46,0.46,0.31,0.5,0.0,0.58,0.48,1
301,0.35,0.6,0.47,0.13,0.5,0.0,0.52,0.43,1
302,0.77,0.8,0.51,0.4,1.0,0.0,0.54,0.22,9
303,0.77,0.87,0.47,0.37,0.5,0.0,0.48,0.22,4
304,0.35,0.46,0.49,0.15,1.0,0.0,0.55,0.35,2
305,0.43,0.51,0.48,0.14,0.5,0.0,0.5,0.22,2
306,0.57,0.61,0.45,0.26,0.5,0.0,0.5,0.22,2
307,0.63,0.62,0.42,0.12,0.5,0.0,0.52,0.25,2
308,0.25,0.4,0.51,0.18,0.5,0.0,0.5,0.27,2
309,0.56,0.62,0.53,0.24,0.5,0.0,0.57,0.22,2
310,0.58,0.6,0.51,0.24,0.5,0.0,0.53,0.22,2
311,0.71,0.59,0.53,0.15,0.5,0.0,0.49,0.33,2
312,0.46,0.35,0.33,0.17,0.5,0.0,0.55,0.22,6
313,0.54,0.55,0.42,0.22,0.5,0.0,0.48,0.22,6
314,0.39,0.44,0.28,0.12,0.5,0.0,0.46,0.27,6
315,0.33,0.44,0.49,0.08,0.5,0.0,0.48,0.49,1
316,0.81,0.82,0.41,0.36,0.5,0.0,0.39,0.22,4
317,0.69,0.6,0.51,0.13,0.5,0.83,0.52,0.22,8
318,0.46,0.48,0.44,0.21,0.5,0.0,0.55,0.22,8
319,0.35,0.36,0.57,0.17,0.5,0.0,0.52,0.22,2
320,0.74,0.72,0.47,0.25,0.5,0.0,0.57,0.22,3
321,0.54,0.57,0.52,0.19,0.5,0.0,0.59,0.67,1
322,0.42,0.52,0.4,0.17,0.5,0.0,0.5,0.26,6
323,0.91,0.77,0.34,0.47,0.5,0.0,0.52,0.31,3
324,0.81,0.9,0.39,0.41,0.5,0.0,0.53,0.22,5
325,0.45,0.4,0.56,0.14,0.5,0.0,0.54,0.22,2
326,0.47,0.47,0.58,0.16,0.5,0.0,0.49,0.28,2
327,0.41,0.39,0.51,0.52,0.5,0.0,0.49,0.22,2
328,0.37,0.34,0.32,0.22,0.5,0.0,0.56,0.22,6
329,0.69,0.6,0.5,0.31,0.5,0.0,0.55,0.22,2
330,0.35,0.56,0.36,0.3,0.5,0.0,0.53,0.25,6
331,0.84,0.66,0.36,0.78,0.5,0.0,0.49,0.5,3
332,0.51,0.58,0.54,0.29,0.5,0.0,0.53,0.22,2
333,0.37,0.43,0.62,0.27,0.5,0.0,0.48,0.22,1
334,0.55,0.66,0.57,0.32,0.5,0.0,0.57,0.34,2
335,0.48,0.35,0.42,0.21,0.5,0.0,0.57,0.22,2
336,0.62,0.58,0.52,0.15,0.5,0.0,0.52,0.29,2
337,0.56,0.59,0.53,0.16,0.5,0.0,0.24,0.42,1
338,0.44,0.51,0.37,0.15,0.5,0.0,0.51,0.22,6
339,0.44,0.44,0.49,0.15,0.5,0.0,0.46,0.27,1
340,0.5,0.5,0.48,0.17,0.5,0.0,0.47,0.26,2
341,0.6,0.6,0.49,0.3,0.5,0.0,0.53,0.22,1
342,0.49,0.46,0.34,0.21,0.5,0.0,0.55,0.22,6
343,0.35,0.68,0.57,0.4,0.5,0.0,0.53,0.36,1
344,0.7,0.69,0.43,0.33,0.5,0.0,0.58,0.22,3
345,0.23,0.3,0.58,0.22,0.5,0.0,0.48,0.27,1
346,0.45,0.42,0.52,0.2,0.5,0.0,0.5,0.25,2
347,0.51,0.35,0.46,0.15,0.5,0.0,0.51,0.42,2
348,0.42,0.39,0.47,0.13,0.5,0.0,0.5,0.27,2
349,0.32,0.38,0.52,0.2,0.5,0.0,0.52,0.28,2
350,0.59,0.65,0.52,0.3,0.5,0.0,0.46,0.31,2
351,0.41,0.52,0.41,0.11,0.5,0.0,0.54,0.35,2
352,0.37,0.33,0.5,0.12,0.5,0.0,0.51,0.54,2
353,0.45,0.56,0.49,0.17,0.5,0.0,0.52,0.22,2
354,0.56,0.54,0.59,0.14,0.5,0.0,0.52,0.27,1
355,0.31,0.31,0.54,0.18,0.5,0.0,0.52,0.29,1
356,0.27,0.51,0.47,0.35,0.5,0.0,0.49,0.28,1
357,0.54,0.56,0.57,0.18,0.5,0.0,0.45,0.25,1
358,0.17,0.38,0.45,0.09,0.5,0.0,0.54,0.27,1
359,0.43,0.51,0.54,0.15,0.5,0.0,0.45,0.26,1
360,0.6,0.4,0.59,0.18,0.5,0.0,0.48,0.22,2
361,0.91,0.69,0.57,0.45,0.5,0.0,0.56,0.22,5
362,0.38,0.47,0.53,0.12,0.5,0.0,0.48,0.22,2
363,0.59,0.43,0.52,0.19,0.5,0.0,0.55,0.27,2
364,0.64,0.53,0.45,0.13,0.5,0.0,0.53,0.22,2
365,0.49,0.31,0.34,0.13,0.5,0.0,0.52,0.22,6
366,0.52,0.51,0.51,0.12,0.5,0.0,0.51,0.4,2
367,0.49,0.43,0.48,0.15,0.5,0.0,0.55,0.25,2
368,0.49,0.47,0.52,0.16,0.5,0.0,0.53,0.28,2
369,0.48,0.39,0.49,0.18,0.5,0.0,0.51,0.22,2
370,0.44,0.34,0.55,0.18,0.5,0.0,0.52,0.22,2
371,0.43,0.54,0.58,0.16,0.5,0.0,0.5,0.36,1
372,0.49,0.42,0.54,0.17,0.5,0.0,0.5,0.36,2
373,0.34,0.66,0.51,0.16,0.5,0.0,0.47,0.33,1
374,0.2,0.34,0.33,0.1,0.5,0.0,0.48,0.31,6
375,0.74,0.53,0.5,0.08,0.5,0.0,0.55,0.31,2
376,0.69,0.48,0.38,0.15,0.5,0.0,0.55,0.22,5
377,0.3,0.5,0.47,0.11,0.5,0.0,0.46,0.22,2
378,0.44,0.51,0.48,0.38,0.5,0.0,0.52,0.22,2
379,0.31,0.45,0.5,0.17,0.5,0.0,0.49,0.22,2
380,0.55,0.41,0.56,0.21,0.5,0.0,0.52,0.22,2
381,0.4,0.34,0.52,0.17,0.5,0.0,0.47,0.51,1
382,0.4,0.48,0.5,0.17,0.5,0.0,0.54,0.5,2
383,0.58,0.48,0.56,0.1,0.5,0.0,0.46,0.25,1
384,0.58,0.48,0.56,0.12,0.5,0.0,0.46,0.25,1
385,0.58,0.45,0.48,0.24,0.5,0.0,0.52,0.37,2
386,0.58,0.41,0.51,0.26,0.5,0.0,0.51,0.37,2
387,0.41,0.6,0.53,0.29,0.5,0.0,0.47,0.43,1
388,0.69,0.5,0.49,0.42,0.5,0.0,0.49,0.22,0
389,0.38,0.49,0.61,0.13,0.5,0.0,0.54,0.22,2
390,0.6,0.48,0.44,0.52,0.5,0.0,0.54,0.63,1
391,0.47,0.49,0.63,0.17,0.5,0.0,0.31,0.26,1
392,0.28,0.51,0.55,0.11,0.5,0.0,0.46,0.22,1
393,0.56,0.57,0.63,0.39,1.0,0.0,0.59,0.4,1
394,0.21,0.38,0.49,0.16,0.5,0.0,0.51,0.45,2
395,0.46,0.57,0.57,0.15,0.5,0.0,0.52,0.26,1
396,0.43,0.42,0.54,0.22,0.5,0.0,0.57,0.33,1
397,0.57,0.59,0.5,0.58,0.5,0.0,0.53,0.22,0
398,0.48,0.34,0.47,0.14,0.5,0.0,0.47,0.26,2
399,0.35,0.4,0.53,0.18,0.5,0.0,0.42,0.38,2
400,0.47,0.45,0.53,0.62,0.5,0.0,0.46,0.22,0
401,0.53,0.43,0.47,0.15,0.5,0.0,0.58,0.22,2
402,0.46,0.45,0.56,0.16,0.5,0.0,0.56,0.22,2
403,0.44,0.42,0.62,0.14,0.5,0.0,0.55,0.37,1
404,0.37,0.34,0.58,0.24,0.5,0.0,0.44,0.18,1
404,0.37,0.34,0.58,0.24,0.5,0.0,0.44,0.18,1
405,0.39,0.39,0.55,0.52,0.5,0.0,0.37,0.16,1
405,0.39,0.39,0.55,0.52,0.5,0.0,0.37,0.16,1
406,0.48,0.46,0.38,0.29,0.5,0.0,0.53,0.22,6
407,0.48,0.57,0.5,0.09,0.5,0.0,0.52,0.42,1
408,0.61,0.57,0.45,0.21,0.5,0.0,0.5,0.42,1
409,0.56,0.44,0.56,0.19,0.5,0.0,0.54,0.22,2
410,0.51,0.63,0.3,0.35,0.5,0.0,0.53,0.27,6
411,0.53,0.68,0.34,0.42,0.5,0.0,0.54,0.27,6
412,0.37,0.22,0.64,0.35,0.5,0.0,0.47,0.22,1
413,0.51,0.48,0.58,0.22,0.5,0.0,0.5,0.28,1
414,0.49,0.37,0.59,0.17,0.5,0.0,0.51,0.22,1
413,0.51,0.48,0.58,0.22,0.5,0.0,0.5,0.28,1
415,0.53,0.53,0.53,0.17,0.5,0.0,0.49,0.37,1
416,0.29,0.68,0.47,0.26,0.5,0.0,0.47,0.37,1
417,0.5,0.45,0.49,0.15,0.5,0.0,0.55,0.43,1
418,0.33,0.28,0.31,0.24,0.5,0.0,0.53,0.22,6
419,0.85,0.85,0.3,0.31,0.5,0.0,0.55,0.42,3
420,0.43,0.39,0.51,0.28,0.5,0.0,0.4,0.22,1
421,0.61,0.54,0.49,0.16,0.5,0.0,0.54,0.42,2
422,0.34,0.35,0.61,0.19,0.5,0.0,0.52,0.25,1
423,0.55,0.53,0.56,0.29,0.5,0.0,0.48,0.22,0
424,0.66,0.62,0.52,0.17,0.5,0.0,0.49,0.22,2
425,0.44,0.41,0.58,0.2,0.5,0.0,0.57,0.25,2
426,0.37,0.62,0.34,0.25,0.5,0.0,0.51,0.22,6
427,0.45,0.56,0.51,0.64,0.5,0.0,0.54,0.22,0
428,0.38,0.46,0.52,0.75,0.5,0.0,0.5,0.26,0
429,0.61,0.54,0.49,0.19,0.5,0.0,0.54,0.47,2
430,0.44,0.53,0.52,0.37,0.5,0.0,0.5,0.22,1
431,0.44,0.53,0.52,0.37,0.5,0.0,0.5,0.22,1
432,0.32,0.34,0.61,0.17,0.5,0.0,0.52,0.32,1
433,0.34,0.34,0.61,0.18,0.5,0.0,0.52,0.32,1
434,0.51,0.68,0.49,0.59,0.5,0.0,0.54,0.27,0
435,0.41,0.3,0.49,0.28,0.5,0.0,0.54,0.22,2
436,0.41,0.43,0.5,0.28,0.5,0.0,0.5,0.22,2
437,0.3,0.5,0.34,0.26,0.5,0.0,0.51,0.22,6
438,0.49,0.4,0.34,0.26,0.5,0.0,0.5,0.22,6
439,0.34,0.4,0.3,0.23,0.5,0.0,0.51,0.22,6
440,0.43,0.44,0.3,0.18,0.5,0.0,0.51,0.22,6
441,0.43,0.45,0.37,0.12,0.5,0.0,0.48,0.22,6
442,0.45,0.57,0.3,0.17,0.5,0.0,0.51,0.22,6
443,0.45,0.57,0.3,0.17,0.5,0.0,0.51,0.22,6
444,0.42,0.44,0.33,0.17,0.5,0.0,0.54,0.27,6
445,0.52,0.5,0.53,0.1,0.5,0.0,0.48,0.22,8
446,0.53,0.56,0.49,0.46,0.5,0.0,0.52,0.22,0
447,0.45,0.54,0.54,0.62,0.5,0.0,0.53,0.22,0
448,0.51,0.43,0.63,0.18,0.5,0.0,0.52,0.22,2
449,0.51,0.52,0.48,0.5,0.5,0.0,0.51,0.22,0
450,0.55,0.49,0.5,0.46,0.5,0.0,0.52,0.25,0
451,0.5,0.46,0.52,0.16,0.5,0.0,0.52,0.26,2
452,0.5,0.53,0.45,0.44,0.5,0.0,0.49,0.22,0
453,0.45,0.59,0.53,0.74,0.5,0.0,0.47,0.25,0
454,0.57,0.61,0.55,0.67,0.5,0.0,0.48,0.22,0
455,0.54,0.45,0.62,0.13,0.5,0.0,0.52,0.26,1
456,0.67,0.51,0.53,0.28,0.5,0.0,0.51,0.22,0
457,0.35,0.49,0.47,0.22,0.5,0.0,0.5,0.28,0
458,0.47,0.63,0.66,0.45,0.5,0.0,0.37,0.11,0
459,0.51,0.34,0.43,0.18,0.5,0.0,0.48,0.25,2
460,0.56,0.45,0.59,0.14,0.5,0.0,0.51,0.26,1
461,0.45,0.38,0.59,0.18,0.5,0.0,0.44,0.45,1
462,0.43,0.51,0.6,0.25,0.5,0.0,0.55,0.22,2
463,0.47,0.59,0.43,0.13,0.5,0.0,0.56,0.3,6
464,0.4,0.45,0.42,0.17,0.5,0.0,0.54,0.26,6
465,0.89,0.81,0.36,0.71,0.5,0.0,0.55,0.63,3
466,0.58,0.55,0.52,0.22,0.5,0.0,0.44,0.22,0
467,0.59,0.57,0.46,0.14,0.5,0.0,0.52,0.22,0
468,0.49,0.41,0.32,0.21,0.5,0.0,0.5,0.32,6
469,0.35,0.53,0.35,0.33,0.5,0.0,0.5,0.32,6
470,0.42,0.32,0.61,0.13,0.5,0.0,0.14,0.27,1
471,0.5,0.46,0.42,0.32,0.5,0.0,0.56,0.55,6
472,0.68,0.5,0.43,0.27,0.5,0.0,0.61,0.22,5
473,0.5,0.45,0.49,0.3,0.5,0.0,0.47,0.4,1
474,0.46,0.41,0.5,0.44,0.5,0.0,0.53,0.22,0
475,0.32,0.36,0.34,0.19,0.5,0.0,0.55,0.26,6
476,0.4,0.51,0.42,0.13,0.5,0.0,0.45,0.25,6
477,0.7,0.73,0.37,0.37,0.5,0.0,0.48,0.31,3
478,0.81,0.76,0.32,0.37,0.5,0.0,0.51,0.22,5
479,0.65,0.61,0.39,0.3,0.5,0.0,0.57,0.28,6
480,0.47,0.43,0.35,0.32,0.5,0.0,0.54,0.22,6
481,0.42,0.25,0.6,0.14,0.5,0.0,0.45,0.22,2
482,0.23,0.34,0.41,0.28,0.5,0.0,0.5,0.27,1
483,0.85,0.56,0.33,0.38,1.0,0.0,0.55,0.25,9
484,0.34,0.31,0.6,0.37,0.5,0.0,0.5,0.3,1
485,0.59,0.53,0.47,0.26,0.5,0.0,0.53,0.31,1
486,0.67,0.63,0.34,0.41,0.5,0.0,0.6,0.33,3
487,0.7,0.73,0.38,0.36,0.5,0.0,0.54,0.22,3
488,0.54,0.51,0.54,0.52,0.5,0.0,0.47,0.25,0
489,0.53,0.5,0.54,0.56,0.5,0.0,0.49,0.41,0
490,0.84,0.63,0.38,0.23,0.5,0.0,0.53,0.22,4
491,0.89,0.77,0.36,0.34,0.5,0.0,0.44,0.22,4
492,0.48,0.43,0.45,0.17,0.5,0.0,0.48,0.37,6
493,0.36,0.35,0.47,0.22,0.5,0.0,0.44,0.31,6
494,0.57,0.49,0.48,0.16,0.5,0.0,0.51,0.22,1
495,0.43,0.52,0.53,0.52,1.0,0.0,0.49,0.22,2
496,0.38,0.49,0.54,1.0,0.5,0.0,0.5,0.27,2
497,0.43,0.32,0.56,0.27,0.5,0.0,0.47,0.27,1
498,0.84,0.87,0.45,0.54,0.5,0.0,0.28,0.22,3
499,0.27,0.56,0.56,0.18,0.5,0.0,0.52,0.22,2
500,0.89,0.82,0.6,0.49,0.5,0.0,0.55,0.22,5
501,0.86,0.92,0.5,0.37,1.0,0.0,0.53,0.32,9
502,0.37,0.55,0.29,0.32,0.5,0.0,0.51,0.22,6
503,0.87,0.83,0.57,0.36,0.5,0.0,0.36,0.22,4
504,0.43,0.45,0.54,0.14,0.5,0.0,0.5,0.31,2
505,0.52,0.48,0.54,0.28,0.5,0.0,0.54,0.22,1
506,0.77,0.6,0.42,0.33,0.5,0.0,0.57,0.22,5
507,0.76,0.74,0.56,0.34,0.5,0.0,0.51,0.3,5
508,0.58,0.76,0.4,0.37,0.5,0.0,0.54,0.3,5
509,0.94,0.6,0.33,0.49,0.5,0.0,0.54,0.22,5
510,0.36,0.44,0.57,0.18,0.5,0.0,0.42,0.22,0
511,0.42,0.51,0.39,0.22,0.5,0.0,0.49,0.26,6
512,0.52,0.48,0.58,0.55,0.5,0.0,0.48,0.22,2
513,0.42,0.32,0.48,0.16,0.5,0.0,0.55,0.22,7
514,0.43,0.38,0.51,0.24,0.5,0.0,0.46,0.33,1
515,0.48,0.57,0.52,0.61,0.5,0.0,0.51,0.22,0
516,0.83,0.53,0.52,0.2,0.5,0.0,0.48,0.25,5
517,0.36,0.34,0.46,0.19,0.5,0.0,0.52,0.22,5
518,0.51,0.43,0.47,0.19,0.5,0.0,0.52,0.37,2
519,0.54,0.54,0.49,0.14,0.5,0.0,0.56,0.22,2
520,0.44,0.41,0.44,0.13,0.5,0.0,0.49,0.42,1
521,0.52,0.62,0.54,0.19,0.5,0.0,0.5,0.22,0
522,0.46,0.4,0.38,0.18,0.5,0.0,0.49,0.22,6
523,0.68,0.5,0.55,0.65,0.5,0.0,0.46,0.31,0
524,0.53,0.44,0.47,0.22,0.5,0.0,0.53,0.22,1
525,0.48,0.48,0.5,0.47,0.5,0.0,0.55,0.22,0
526,0.46,0.14,0.36,0.21,0.5,0.0,0.5,0.25,6
527,0.5,0.45,0.48,0.17,0.5,0.0,0.5,0.26,2
528,0.44,0.53,0.43,0.17,0.5,0.0,0.54,0.75,1
529,0.46,0.47,0.46,0.16,0.5,0.0,0.51,0.22,2
530,0.52,0.49,0.57,0.57,0.5,0.0,0.51,0.22,1
531,0.62,0.64,0.56,0.2,0.5,0.0,0.48,0.33,1
532,0.46,0.32,0.58,0.17,0.5,0.0,0.61,0.25,1
533,0.78,0.48,0.47,0.3,0.5,0.0,0.53,0.47,5
534,0.49,0.62,0.65,0.18,0.5,0.0,0.46,0.43,1
535,0.5,0.34,0.62,0.19,0.5,0.0,0.57,0.22,2
536,0.39,0.37,0.33,0.23,0.5,0.0,0.53,0.26,6
537,0.39,0.37,0.56,0.15,0.5,0.0,0.5,0.27,2
538,0.33,0.37,0.54,0.28,0.5,0.0,0.53,0.27,1
539,0.39,0.37,0.33,0.23,0.5,0.0,0.52,0.26,6
540,0.33,0.38,0.53,0.26,0.5,0.0,0.52,0.27,1
541,0.48,0.51,0.57,0.24,0.5,0.0,0.5,0.22,2
542,0.5,0.62,0.54,0.66,0.5,0.0,0.49,0.22,0
543,0.47,0.54,0.54,0.48,0.5,0.0,0.53,0.26,0
544,0.72,0.58,0.42,0.28,0.5,0.0,0.48,0.22,0
545,0.41,0.41,0.51,0.19,0.5,0.0,0.57,0.22,0
546,0.81,0.65,0.52,0.41,0.5,0.0,0.57,0.26,0
547,0.5,0.49,0.52,0.2,0.5,0.0,0.43,0.52,1
548,0.18,0.48,0.46,0.12,0.5,0.0,0.0,0.25,1
549,0.26,0.38,0.52,0.36,0.5,0.0,0.48,0.56,1
550,0.53,0.51,0.51,0.11,0.5,0.0,0.49,0.41,1
551,0.58,0.49,0.5,0.41,0.5,0.0,0.57,0.22,0
552,0.62,0.6,0.47,0.16,0.5,0.0,0.53,0.22,2
553,0.68,0.58,0.51,0.19,0.5,0.83,0.54,0.22,8
554,0.4,0.52,0.53,0.52,0.5,0.0,0.51,0.22,0
555,0.51,0.47,0.41,0.44,0.5,0.0,0.5,0.22,6
556,0.72,0.56,0.4,0.26,0.5,0.0,0.51,0.26,5
557,0.49,0.44,0.45,0.22,0.5,0.0,0.51,0.22,2
558,0.32,0.47,0.55,0.25,0.5,0.0,0.49,0.22,0
559,0.46,0.57,0.52,0.28,0.5,0.0,0.52,0.22,1
560,0.53,0.48,0.45,0.44,0.5,0.0,0.49,0.27,0
561,0.49,0.48,0.46,0.63,0.5,0.0,0.52,0.22,0
562,0.7,0.53,0.42,0.22,0.5,0.0,0.51,0.28,1
563,0.68,0.68,0.49,0.15,0.5,0.0,0.53,0.22,4
564,0.47,0.6,0.35,0.21,0.5,0.0,0.52,0.22,6
565,0.55,0.49,0.45,0.18,0.5,0.0,0.49,0.22,1
566,0.4,0.53,0.61,0.21,0.5,0.0,0.48,0.33,1
567,0.57,0.44,0.42,0.2,0.5,0.0,0.54,0.22,2
568,0.4,0.47,0.48,0.18,0.5,0.0,0.46,0.22,2
569,0.34,0.54,0.54,0.13,0.5,0.0,0.52,0.22,2
570,0.43,0.83,0.55,0.2,0.5,0.0,0.47,0.4,1
571,0.55,0.65,0.5,0.28,0.5,0.0,0.55,0.22,1
572,0.29,0.46,0.54,0.27,0.5,0.0,0.49,0.22,2
573,0.46,0.42,0.6,0.21,0.5,0.0,0.4,0.22,4
574,0.8,0.81,0.55,0.35,0.5,0.0,0.42,0.22,4
575,0.79,0.74,0.49,0.33,0.5,0.0,0.48,0.22,4
576,0.45,0.48,0.63,0.67,0.5,0.0,0.48,0.22,0
577,0.66,0.52,0.52,0.44,0.5,0.0,0.56,0.27,0
578,0.5,0.49,0.59,0.47,0.5,0.0,0.49,0.36,0
579,0.54,0.52,0.54,0.2,0.5,0.0,0.55,0.25,1
580,0.37,0.31,0.53,0.16,0.5,0.0,0.53,0.44,1
581,0.43,0.39,0.59,0.13,0.5,0.0,0.41,0.43,1
582,0.48,0.47,0.54,0.55,0.5,0.0,0.51,0.65,0
583,0.6,0.59,0.45,0.23,0.5,0.0,0.55,0.22,0
584,0.45,0.73,0.47,0.65,0.5,0.0,0.54,0.43,0
585,0.66,0.54,0.49,0.16,0.5,0.0,0.54,0.36,1
586,0.46,0.55,0.61,0.13,0.5,0.0,0.47,0.22,2
587,0.42,0.5,0.53,0.22,0.5,0.83,0.5,0.22,8
588,0.66,0.66,0.32,0.54,0.5,0.0,0.51,0.22,5
589,0.74,0.56,0.35,0.36,0.5,0.0,0.51,0.25,5
590,0.89,0.52,0.41,0.26,0.5,0.0,0.52,0.31,5
591,0.67,0.51,0.54,0.21,0.5,0.0,0.43,0.3,0
592,0.58,0.46,0.46,0.34,0.5,0.0,0.5,0.43,1
593,0.4,0.68,0.5,0.82,0.5,0.0,0.44,0.36,0
594,0.59,0.57,0.43,0.26,0.5,0.0,0.51,0.22,0
595,0.39,0.3,0.56,0.12,0.5,0.0,0.53,0.38,1
596,0.6,0.62,0.54,0.4,0.5,0.0,0.5,0.22,0
597,0.36,0.4,0.53,0.48,0.5,0.0,0.48,0.22,0
598,0.51,0.42,0.56,0.38,0.5,0.0,0.46,0.22,0
599,0.41,0.54,0.58,0.2,0.5,0.0,0.52,0.22,0
600,0.57,0.4,0.62,0.3,0.5,0.0,0.48,0.11,0
601,0.52,0.5,0.59,0.31,0.5,0.0,0.5,0.22,0
602,0.42,0.53,0.53,0.64,0.5,0.0,0.47,0.22,0
603,0.5,0.46,0.64,0.36,0.5,0.0,0.49,0.22,0
604,0.6,0.51,0.6,0.38,0.5,0.83,0.52,0.24,0
605,0.45,0.38,0.64,0.14,0.5,0.0,0.54,0.22,0
606,0.6,0.57,0.64,0.52,0.5,0.0,0.47,0.28,0
607,0.53,0.42,0.58,0.29,0.5,0.0,0.5,0.22,0
608,0.41,0.52,0.53,0.41,0.5,0.0,0.39,0.33,0
609,0.45,0.43,0.63,0.4,0.5,0.0,0.59,0.11,0
610,0.44,0.44,0.67,0.35,0.5,0.0,0.48,0.26,0
611,0.58,0.52,0.61,0.33,0.5,0.0,0.38,0.11,0
612,0.57,0.61,0.55,0.27,0.5,0.0,0.44,0.21,0
613,0.57,0.58,0.58,0.35,0.5,0.0,0.49,0.22,0
614,0.64,0.64,0.56,0.21,0.5,0.0,0.5,0.22,0
615,0.56,0.5,0.61,0.49,0.5,0.0,0.46,0.28,0
616,0.6,0.46,0.59,0.16,0.5,0.0,0.49,0.22,0
617,0.36,0.38,0.56,0.44,0.5,0.0,0.48,0.22,0
618,0.53,0.52,0.61,0.35,0.5,0.0,0.5,0.22,0
619,0.62,0.59,0.54,0.47,0.5,0.0,0.46,0.22,0
620,0.55,0.5,0.6,0.31,0.5,0.0,0.46,0.27,0
621,0.58,0.53,0.57,0.46,0.5,0.0,0.51,0.27,0
622,0.65,0.53,0.55,0.52,0.5,0.0,0.47,0.27,0
623,0.38,0.54,0.54,0.41,0.5,0.0,0.51,0.22,0
624,0.58,0.53,0.5,0.53,0.5,0.0,0.47,0.31,0
625,0.61,0.46,0.51,0.37,0.5,0.0,0.51,0.22,0
626,0.55,0.59,0.47,0.64,0.5,0.0,0.54,0.33,0
627,0.54,0.64,0.5,0.13,0.5,0.0,0.49,0.22,0
628,0.4,0.74,0.49,0.16,0.5,0.0,0.51,0.22,0
629,0.76,0.76,0.35,0.27,0.5,0.0,0.44,0.22,3
630,0.51,0.56,0.51,0.42,0.5,0.0,0.53,0.36,0
631,0.43,0.32,0.5,0.29,0.5,0.0,0.5,0.22,0
632,0.49,0.44,0.45,0.55,0.5,0.0,0.48,0.22,0
633,0.32,0.45,0.44,0.2,0.5,0.0,0.55,0.33,1
634,0.51,0.6,0.51,0.26,0.5,0.0,0.54,0.22,1
635,0.49,0.46,0.42,0.46,0.5,0.0,0.55,0.22,1
636,0.5,0.56,0.49,0.61,0.5,0.0,0.5,0.22,0
637,0.51,0.48,0.51,0.43,0.5,0.0,0.49,0.22,0
638,0.52,0.38,0.62,0.12,0.5,0.0,0.41,0.28,1
639,0.53,0.4,0.57,0.12,0.5,0.0,0.53,0.32,1
640,0.51,0.56,0.62,0.24,0.5,0.0,0.52,0.51,1
641,0.63,0.6,0.5,0.27,0.5,0.0,0.55,0.22,0
642,0.46,0.44,0.53,0.31,0.5,0.0,0.48,0.22,0
643,0.58,0.57,0.54,0.69,0.5,0.0,0.54,0.22,0
644,0.61,0.59,0.47,0.49,0.5,0.0,0.54,0.22,0
645,0.63,0.47,0.56,0.12,0.5,0.0,0.5,0.22,0
646,0.55,0.53,0.54,0.4,0.5,0.0,0.48,0.22,0
647,0.41,0.47,0.58,0.62,0.5,0.0,0.5,0.22,0
648,0.44,0.53,0.53,0.37,0.5,0.0,0.51,0.22,0
649,0.57,0.4,0.48,0.24,0.5,0.0,0.55,0.22,2
650,0.46,0.46,0.56,0.12,0.5,0.0,0.55,0.22,0
651,0.47,0.46,0.55,0.28,0.5,0.0,0.44,0.46,1
652,0.39,0.35,0.49,0.17,0.5,0.0,0.49,0.22,1
653,0.58,0.38,0.4,0.21,0.5,0.0,0.5,0.22,2
654,0.53,0.41,0.5,0.24,1.0,0.0,0.47,0.22,2
655,0.43,0.4,0.5,0.18,0.5,0.0,0.5,0.28,2
656,0.41,0.59,0.46,0.19,0.5,0.0,0.36,0.22,4
657,0.58,0.56,0.52,0.25,0.5,0.0,0.57,0.35,1
658,0.51,0.65,0.53,0.19,0.5,0.0,0.49,0.22,4
659,0.81,0.79,0.32,0.37,0.5,0.0,0.41,0.22,3
660,0.44,0.41,0.29,0.21,0.5,0.0,0.49,0.22,6
661,0.49,0.6,0.55,0.17,0.5,0.0,0.44,0.22,2
662,0.56,0.63,0.52,0.2,0.5,0.0,0.34,0.26,1
663,0.42,0.28,0.57,0.18,0.5,0.0,0.42,0.22,1
664,0.51,0.46,0.54,0.41,0.5,0.0,0.53,0.22,0
665,0.6,0.51,0.52,0.45,0.5,0.0,0.5,0.27,0
666,0.37,0.41,0.45,0.14,0.5,0.0,0.47,0.22,2
667,0.37,0.51,0.57,0.4,0.5,0.0,0.48,0.27,0
668,0.36,0.39,0.55,0.26,0.5,0.0,0.49,0.22,1
669,0.5,0.36,0.53,0.41,0.5,0.0,0.55,0.36,2
670,0.59,0.58,0.39,0.52,0.5,0.0,0.5,0.31,2
671,0.78,0.63,0.53,0.13,0.5,0.0,0.54,0.22,5
672,0.47,0.59,0.37,0.31,0.5,0.0,0.51,0.36,1
673,0.48,0.62,0.52,0.3,0.5,0.0,0.51,0.37,1
674,0.53,0.61,0.51,0.49,0.5,0.0,0.54,0.27,0
675,0.48,0.54,0.53,0.6,0.5,0.0,0.53,0.31,1
676,0.33,0.46,0.53,0.29,0.5,0.0,0.5,0.55,1
677,0.36,0.44,0.51,0.17,0.5,0.0,0.6,0.19,1
678,0.39,0.34,0.68,0.3,0.5,0.0,0.5,0.29,1
679,0.11,0.41,0.67,0.13,0.5,0.0,0.45,0.29,1
680,0.4,0.53,0.44,0.18,0.5,0.0,0.54,0.31,1
681,0.47,0.5,0.55,0.19,0.5,0.0,0.62,0.22,2
682,0.35,0.5,0.44,0.27,0.5,0.0,0.51,0.22,2
683,0.36,0.3,0.5,0.19,0.5,0.0,0.55,0.3,1
684,0.49,0.44,0.51,0.18,0.5,0.0,0.52,0.27,2
685,0.35,0.44,0.54,0.26,0.5,0.0,0.52,0.26,1
686,0.43,0.28,0.53,0.34,0.5,0.0,0.55,0.57,1
687,0.33,0.48,0.55,0.16,0.5,0.0,0.53,0.75,1
688,0.45,0.21,0.49,0.24,0.5,0.0,0.46,0.31,1
689,0.44,0.34,0.61,0.13,0.5,0.0,0.49,0.26,1
690,0.87,0.47,0.6,0.47,0.5,0.0,0.59,0.22,1
691,0.3,0.55,0.58,0.16,0.5,0.0,0.61,0.28,1
692,0.29,0.34,0.55,0.24,0.5,0.0,0.51,0.22,2
693,0.75,0.67,0.51,0.29,0.5,0.0,0.52,0.36,0
694,0.47,0.47,0.5,0.15,0.5,0.0,0.5,0.48,1
695,0.51,0.34,0.49,0.16,0.5,0.0,0.53,0.21,1
696,0.64,0.76,0.51,0.18,0.5,0.0,0.46,0.22,1
697,0.45,0.41,0.58,0.48,0.5,0.0,0.53,0.64,1
698,0.9,0.54,0.59,0.2,0.5,0.0,0.48,0.22,1
699,0.88,0.59,0.54,0.39,0.5,0.0,0.41,0.3,1
700,0.7,0.51,0.47,0.24,0.5,0.0,0.53,0.25,1
701,0.25,0.36,0.58,0.3,0.5,0.0,0.58,0.31,1
702,0.69,0.62,0.49,0.0,1.0,0.0,0.47,0.22,1
703,0.83,0.57,0.42,0.57,0.5,0.0,0.5,0.32,5
704,0.43,0.38,0.38,0.12,0.5,0.0,0.5,0.22,5
705,0.78,0.65,0.4,0.16,0.5,0.0,0.63,0.22,0
706,0.52,0.64,0.34,0.16,0.5,0.0,0.57,0.22,0
707,0.75,0.66,0.64,0.39,0.5,0.0,0.46,0.32,0
708,0.41,0.49,0.58,0.22,0.5,0.0,0.52,0.22,0
709,0.58,0.51,0.56,0.16,0.5,0.0,0.34,0.22,1
710,0.48,0.49,0.45,0.23,0.5,0.0,0.51,0.22,6
711,0.39,0.42,0.49,0.1,0.5,0.0,0.49,0.65,1
712,0.31,0.42,0.48,0.17,0.5,0.0,0.49,0.53,1
713,0.39,0.28,0.54,0.14,0.5,0.0,0.59,0.22,0
714,0.76,0.67,0.37,0.22,0.5,0.0,0.54,0.22,5
715,0.49,0.27,0.57,0.18,0.5,0.83,0.54,0.22,8
716,0.28,0.48,0.56,0.16,0.5,0.0,0.48,0.26,2
717,0.69,0.39,0.52,0.12,0.5,0.0,0.38,0.35,2
718,0.64,0.52,0.5,0.26,0.5,0.0,0.51,0.31,1
719,0.56,0.48,0.5,0.3,0.5,0.0,0.51,0.22,2
720,0.5,0.5,0.54,0.16,0.5,0.0,0.49,0.22,8
721,0.47,0.43,0.59,0.27,0.5,0.0,0.55,0.22,8
722,0.68,0.59,0.44,0.49,0.5,0.0,0.4,0.26,8
723,0.5,0.51,0.57,0.27,0.5,0.0,0.48,0.22,8
724,0.45,0.46,0.61,0.2,0.5,0.0,0.62,0.22,2
725,0.53,0.51,0.36,0.13,0.5,0.0,0.52,0.22,6
726,0.6,0.54,0.54,0.53,0.5,0.0,0.52,0.27,0
727,0.49,0.52,0.53,0.7,0.5,0.0,0.51,0.22,0
728,0.49,0.45,0.53,0.16,0.5,0.0,0.49,0.31,2
729,0.51,0.46,0.57,0.25,0.5,0.0,0.53,0.22,2
730,0.49,0.45,0.46,0.18,0.5,0.0,0.49,0.31,2
731,0.52,0.46,0.51,0.18,0.5,0.0,0.5,0.22,2
732,0.55,0.59,0.52,0.1,0.5,0.0,0.53,0.22,2
733,0.39,0.58,0.5,0.1,0.5,0.0,0.51,0.25,2
734,0.7,0.84,0.49,0.28,1.0,0.0,0.58,0.22,9
735,0.33,0.38,0.45,0.19,0.5,0.0,0.54,0.37,1
736,0.61,0.46,0.44,0.47,0.5,0.0,0.5,0.37,1
737,0.41,0.48,0.38,0.13,0.5,0.0,0.51,0.35,6
738,0.37,0.42,0.6,0.13,0.5,0.0,0.51,0.22,1
739,0.45,0.58,0.59,0.44,0.5,0.0,0.56,0.22,0
740,0.74,0.89,0.32,0.24,0.5,0.0,0.54,0.32,3
741,0.28,0.46,0.26,0.18,0.5,0.0,0.39,0.22,7
742,0.51,0.46,0.49,0.21,0.5,0.0,0.55,0.22,7
743,0.8,0.82,0.57,0.26,0.5,0.0,0.57,0.27,7
744,0.46,0.49,0.45,0.28,0.5,0.0,0.55,0.22,7
745,0.4,0.36,0.55,0.15,0.5,0.0,0.53,0.22,7
746,0.67,0.46,0.58,0.3,0.5,0.0,0.57,0.27,1
747,0.5,0.32,0.49,0.49,0.5,0.0,0.48,0.32,0
748,0.45,0.53,0.47,0.43,0.5,0.0,0.5,0.27,0
749,0.75,0.6,0.43,0.35,0.5,0.0,0.45,0.27,0
750,0.56,0.68,0.52,0.39,0.5,0.0,0.36,0.22,0
751,0.48,0.45,0.59,0.35,0.5,0.0,0.55,0.3,0
752,0.26,0.28,0.6,0.2,0.5,0.0,0.54,0.31,0
753,0.59,0.45,0.58,0.21,0.5,0.0,0.49,0.22,0
754,0.48,0.52,0.49,0.35,0.5,0.5,0.51,0.22,0
755,0.59,0.58,0.47,0.61,0.5,0.0,0.44,0.3,0
756,0.5,0.57,0.62,0.25,0.5,0.0,0.51,0.22,0
757,0.57,0.49,0.5,0.2,0.5,0.0,0.51,0.28,2
758,0.62,0.43,0.49,0.29,0.5,0.0,0.5,0.27,2
759,0.45,0.41,0.49,0.14,1.0,0.0,0.53,0.3,2
760,0.47,0.49,0.6,0.15,0.5,0.0,0.38,0.22,2
761,0.41,0.48,0.54,0.24,0.5,0.0,0.37,0.51,1
762,0.46,0.46,0.53,0.23,0.5,0.0,0.51,0.22,2
763,0.48,0.42,0.48,0.19,0.5,0.0,0.58,0.22,2
764,0.43,0.45,0.53,0.19,0.5,0.0,0.56,0.22,2
765,0.28,0.36,0.55,0.15,0.5,0.0,0.57,0.22,2
766,0.48,0.46,0.58,0.26,0.5,0.0,0.44,0.22,1
767,0.74,0.72,0.5,0.28,0.5,0.0,0.5,0.27,4
768,0.74,0.72,0.5,0.28,0.5,0.0,0.49,0.27,4
769,0.38,0.62,0.52,0.14,0.5,0.0,0.53,0.22,2
770,0.77,0.72,0.48,0.26,0.5,0.0,0.51,0.22,4
771,0.44,0.42,0.57,0.22,0.5,0.0,0.5,0.25,1
772,0.74,0.74,0.51,0.27,0.5,0.0,0.5,0.22,4
773,0.39,0.81,0.35,0.28,0.5,0.0,0.51,0.45,6
774,0.53,0.54,0.43,0.18,0.5,0.0,0.53,0.31,1
775,0.38,0.45,0.37,0.19,0.5,0.0,0.52,0.3,6
776,0.4,0.37,0.54,0.13,0.5,0.0,0.48,0.22,1
777,0.31,0.3,0.34,0.19,0.5,0.0,0.55,0.3,6
778,0.5,0.42,0.57,0.49,0.5,0.0,0.48,0.27,1
779,0.59,0.61,0.51,0.62,0.5,0.0,0.51,0.38,0
780,0.45,0.4,0.43,0.22,0.5,0.0,0.51,0.48,1
781,0.47,0.54,0.53,0.77,0.5,0.0,0.52,0.36,0
782,0.77,0.78,0.51,0.28,0.5,0.0,0.33,0.22,4
783,0.74,0.71,0.52,0.3,0.5,0.0,0.27,0.22,4
784,0.77,0.73,0.51,0.27,0.5,0.0,0.34,0.22,4
785,0.47,0.61,0.5,0.23,0.5,0.0,0.49,0.22,6
786,0.78,0.69,0.44,0.26,0.5,0.0,0.54,0.22,3
787,0.49,0.6,0.3,0.34,0.5,0.0,0.5,0.43,6
788,0.27,0.56,0.3,0.14,0.5,0.0,0.52,0.39,6
789,0.4,0.39,0.33,0.17,0.5,0.0,0.51,0.31,7
790,0.55,0.51,0.54,0.2,0.5,0.0,0.56,0.22,2
791,0.95,0.71,0.27,0.39,0.5,0.0,0.31,0.22,5
792,0.97,0.71,0.29,0.42,0.5,0.0,0.35,0.22,5
793,0.44,0.43,0.34,0.21,0.5,0.0,0.55,0.4,6
794,0.39,0.49,0.3,0.19,0.5,0.0,0.52,0.31,6
795,0.38,0.48,0.51,0.13,0.5,0.0,0.5,0.32,1
796,0.37,0.51,0.39,0.18,0.5,0.0,0.51,0.27,6
797,0.27,0.49,0.36,0.26,0.5,0.0,0.49,0.26,6
798,0.49,0.48,0.52,0.2,0.5,0.0,0.55,0.22,1
799,0.36,0.39,0.54,0.16,0.5,0.0,0.5,0.28,1
800,0.54,0.53,0.48,0.14,0.5,0.0,0.49,0.33,1
801,0.37,0.48,0.5,0.26,0.5,0.0,0.52,0.39,1
802,0.25,0.39,0.5,0.23,0.5,0.0,0.5,0.28,1
803,0.49,0.71,0.54,0.13,0.5,0.0,0.58,0.22,1
804,0.56,0.5,0.56,0.26,0.5,0.0,0.53,0.27,1
805,0.41,0.53,0.41,0.15,0.5,0.0,0.54,0.25,1
806,0.5,0.45,0.53,0.21,0.5,0.0,0.28,0.22,1
807,0.46,0.37,0.48,0.36,0.5,0.0,0.48,0.22,8
808,0.66,0.55,0.34,0.2,0.5,0.0,0.62,0.22,6
809,0.42,0.65,0.58,0.34,0.5,0.0,0.5,0.22,0
810,0.45,0.47,0.53,0.15,0.5,0.0,0.52,0.27,2
811,0.42,0.28,0.51,0.23,0.5,0.0,0.53,0.27,1
812,0.51,0.48,0.46,0.29,0.5,0.0,0.54,0.22,2
813,0.75,0.69,0.48,0.13,0.5,0.0,0.57,0.4,7
814,0.69,0.7,0.5,0.3,0.5,0.0,0.54,0.22,7
815,0.63,0.55,0.53,0.51,0.5,0.0,0.55,0.22,7
816,0.55,0.63,0.54,0.16,0.5,0.0,0.45,0.27,2
817,0.46,0.62,0.54,0.25,0.5,0.0,0.46,0.22,2
818,0.53,0.59,0.48,0.14,0.5,0.0,0.51,0.22,2
819,0.42,0.53,0.57,0.17,0.5,0.0,0.49,0.22,2
820,0.52,0.46,0.56,0.2,0.5,0.0,0.5,0.22,2
821,0.53,0.43,0.57,0.24,0.5,0.0,0.39,0.28,2
822,0.33,0.35,0.56,0.19,0.5,0.0,0.5,0.22,1
823,0.45,0.48,0.56,0.56,0.5,0.0,0.47,0.22,1
824,0.56,0.48,0.5,0.17,0.5,0.0,0.51,0.26,2
825,0.77,0.57,0.45,0.17,0.5,0.0,0.53,0.22,2
826,0.56,0.59,0.54,0.18,0.5,0.0,0.48,0.46,1
827,0.33,0.39,0.52,0.09,0.5,0.0,0.47,0.28,1
828,0.48,0.41,0.54,0.39,0.5,0.0,0.51,0.22,1
829,0.3,0.3,0.46,0.32,0.5,0.0,0.45,0.22,1
830,0.38,0.26,0.6,0.1,0.5,0.0,0.48,0.44,1
831,0.68,0.39,0.5,0.15,0.5,0.0,0.48,0.37,1
832,0.62,0.41,0.52,0.17,0.5,0.0,0.48,0.22,1
833,0.52,0.37,0.48,0.13,0.5,0.0,0.55,0.22,1
834,0.32,0.48,0.49,0.17,0.5,0.0,0.47,0.22,1
835,0.34,0.35,0.58,0.2,0.5,0.0,0.46,0.32,1
836,0.33,0.21,0.53,0.15,1.0,0.0,0.52,0.5,1
837,0.49,0.45,0.57,0.24,0.5,0.0,0.47,0.38,1
838,0.4,0.28,0.48,0.06,0.5,0.0,0.49,0.42,1
839,0.51,0.39,0.56,0.25,0.5,0.0,0.51,0.33,1
840,0.45,0.45,0.52,0.17,0.5,0.0,0.54,0.22,2
841,0.28,0.51,0.55,0.19,0.5,0.0,0.57,0.22,2
842,0.51,0.51,0.56,0.28,0.5,0.0,0.54,0.27,2
843,0.48,0.56,0.49,0.32,0.5,0.0,0.5,0.22,2
844,0.59,0.46,0.48,0.46,0.5,0.0,0.49,0.22,2
845,0.51,0.46,0.4,0.65,0.5,0.0,0.49,0.22,0
846,0.37,0.44,0.51,0.56,0.5,0.0,0.5,0.38,1
847,0.81,0.55,0.35,0.34,0.5,0.0,0.51,0.22,5
848,0.53,0.45,0.53,0.18,0.5,0.0,0.42,0.22,2
849,0.45,0.27,0.5,0.33,0.5,0.0,0.53,0.26,2
850,0.36,0.33,0.38,0.15,0.5,0.0,0.55,0.36,6
851,0.48,0.5,0.56,0.11,0.5,0.0,0.33,0.22,2
852,0.35,0.47,0.53,0.19,0.5,0.0,0.48,0.22,2
853,0.48,0.48,0.56,0.18,0.5,0.0,0.58,0.22,2
854,0.6,0.59,0.47,0.47,0.5,0.0,0.53,0.22,0
855,0.45,0.53,0.51,0.42,0.5,0.0,0.52,0.22,0
856,0.29,0.4,0.41,0.48,0.5,0.0,0.53,0.3,1
857,0.58,0.53,0.33,0.26,0.5,0.0,0.51,0.22,6
858,0.46,0.43,0.5,0.24,0.5,0.0,0.48,0.31,2
859,0.43,0.46,0.5,0.21,0.5,0.0,0.49,0.34,2
860,0.61,0.55,0.51,0.26,0.5,0.0,0.52,0.22,2
861,0.5,0.62,0.52,0.3,0.5,0.0,0.56,0.22,0
862,0.49,0.45,0.54,0.4,0.5,0.0,0.55,0.22,0
863,0.64,0.53,0.59,0.14,0.5,0.0,0.53,0.22,0
864,0.57,0.6,0.54,0.17,0.5,0.0,0.52,0.22,0
865,0.38,0.31,0.59,0.19,0.5,0.0,0.46,0.22,0
866,0.68,0.53,0.44,0.31,0.5,0.0,0.51,0.22,0
867,0.24,0.41,0.47,0.16,0.5,0.0,0.51,0.38,1
868,0.61,0.39,0.53,0.14,0.5,0.0,0.43,0.26,1
869,0.39,0.16,0.59,0.08,0.5,0.0,0.51,0.27,1
870,0.33,0.28,0.5,0.4,0.5,0.0,0.46,0.61,1
871,0.51,0.55,0.56,0.18,0.5,0.0,0.5,0.38,1
872,0.39,0.44,0.54,0.24,0.5,0.0,0.51,0.49,1
873,0.43,0.48,0.53,0.18,0.5,0.0,0.46,0.22,1
874,0.47,0.43,0.48,0.16,0.5,0.0,0.46,0.27,1
875,0.52,0.5,0.51,0.2,0.5,0.0,0.51,0.22,1
876,0.33,0.28,0.52,0.15,0.5,0.0,0.51,0.86,1
877,0.36,0.48,0.5,0.13,0.5,0.0,0.49,0.6,1
878,0.45,0.54,0.49,0.29,0.5,0.0,0.49,0.25,1
879,0.55,0.59,0.53,0.15,0.5,0.0,0.49,0.22,1
880,0.31,0.39,0.55,0.28,0.5,0.0,0.46,0.31,1
881,0.43,0.41,0.51,0.34,0.5,0.0,0.49,0.28,1
882,0.64,0.5,0.53,0.1,0.5,0.0,0.51,0.22,1
883,0.41,0.52,0.56,0.26,0.5,0.0,0.48,0.32,1
884,0.48,0.47,0.59,0.41,0.5,0.0,0.56,0.27,1
885,0.49,0.49,0.51,0.29,0.5,0.0,0.52,0.71,1
886,0.41,0.52,0.51,0.22,0.5,0.0,0.52,0.44,1
887,0.51,0.61,0.5,0.23,0.5,0.0,0.52,0.61,1
888,0.59,0.47,0.51,0.53,0.5,0.0,0.53,0.26,2
889,0.4,0.6,0.5,0.16,0.5,0.0,0.51,0.22,2
890,0.54,0.53,0.53,0.17,0.5,0.0,0.51,0.39,1
891,0.61,0.46,0.54,0.11,0.5,0.0,0.47,0.22,2
892,0.66,0.55,0.54,0.18,0.5,0.0,0.43,0.22,2
893,0.53,0.46,0.54,0.37,0.5,0.0,0.51,0.3,1
894,0.41,0.41,0.43,0.61,0.5,0.0,0.53,0.22,0
895,0.58,0.31,0.6,0.12,0.5,0.0,0.47,0.33,1
896,0.49,0.67,0.5,0.28,0.5,0.0,0.43,0.22,1
897,0.44,0.33,0.55,0.16,0.5,0.0,0.49,0.22,1
898,0.44,0.45,0.53,0.19,0.5,0.0,0.41,0.28,1
899,0.57,0.55,0.52,0.16,0.5,0.0,0.49,0.39,1
900,0.45,0.66,0.39,0.11,0.5,0.0,0.54,0.22,6
901,0.32,0.49,0.53,0.28,0.5,0.0,0.5,0.5,1
902,0.35,0.42,0.56,0.28,0.5,0.0,0.47,0.22,1
903,0.46,0.41,0.58,0.1,0.5,0.0,0.48,0.22,1
904,0.57,0.51,0.58,0.22,0.5,0.0,0.51,0.22,1
905,0.47,0.47,0.54,0.19,0.5,0.0,0.51,0.33,1
906,0.34,0.58,0.5,0.26,0.5,0.0,0.51,0.22,1
907,0.55,0.45,0.58,0.25,0.5,0.0,0.49,0.22,1
908,0.4,0.66,0.34,0.21,0.5,0.0,0.52,0.26,1
909,0.42,0.21,0.59,0.3,0.5,0.0,0.47,0.27,1
910,0.6,0.48,0.46,0.32,0.5,0.0,0.4,0.33,2
911,0.64,0.44,0.51,0.35,0.5,0.0,0.53,0.22,2
912,0.35,0.4,0.44,0.25,0.5,0.0,0.53,0.57,1
913,0.55,0.38,0.64,0.42,0.5,0.0,0.47,0.22,0
914,0.45,0.43,0.5,0.25,0.5,0.0,0.47,0.22,0
915,0.47,0.53,0.48,0.51,0.5,0.0,0.54,0.22,0
916,0.45,0.49,0.57,0.25,0.5,0.0,0.48,0.22,1
917,0.45,0.52,0.5,0.12,0.5,0.0,0.6,0.22,2
918,0.56,0.51,0.32,0.49,0.5,0.0,0.48,0.22,1
919,0.37,0.58,0.5,0.22,0.5,0.0,0.47,0.22,1
920,0.47,0.45,0.51,0.33,0.5,0.0,0.46,0.26,1
921,0.5,0.36,0.64,0.37,0.5,0.0,0.37,0.33,1
922,0.43,0.44,0.64,0.19,0.5,0.0,0.38,0.33,1
923,0.38,0.4,0.59,0.25,0.5,0.0,0.44,0.22,2
924,0.39,0.39,0.59,0.25,0.5,0.0,0.45,0.22,2
925,0.54,0.55,0.56,0.14,0.5,0.0,0.5,0.25,2
926,0.45,0.5,0.57,0.29,0.5,0.0,0.44,0.11,2
926,0.45,0.5,0.57,0.29,0.5,0.0,0.44,0.11,2
927,0.61,0.38,0.57,0.36,0.5,0.0,0.44,0.21,2
927,0.61,0.38,0.57,0.36,0.5,0.0,0.44,0.21,2
928,0.43,0.33,0.54,0.37,0.5,0.0,0.38,0.16,2
929,0.43,0.33,0.54,0.37,0.5,0.0,0.38,0.16,2
930,0.51,0.39,0.58,0.19,0.5,0.0,0.47,0.22,2
931,0.72,0.51,0.52,0.08,0.5,0.0,0.54,0.22,1
932,0.35,0.41,0.53,0.27,0.5,0.0,0.47,0.29,1
933,0.56,0.49,0.54,0.15,0.5,0.0,0.5,0.35,1
934,0.57,0.37,0.43,0.27,0.5,0.0,0.53,0.28,1
935,0.57,0.49,0.61,0.26,0.5,0.0,0.52,0.22,1
936,0.48,0.45,0.63,0.19,0.5,0.0,0.58,0.22,1
937,0.34,0.48,0.47,0.19,0.5,0.0,0.5,0.3,1
938,0.54,0.57,0.55,0.18,0.5,0.0,0.5,0.22,1
939,0.38,0.44,0.55,0.44,0.5,0.0,0.47,0.51,1
940,0.4,0.3,0.57,0.13,0.5,0.0,0.46,0.22,1
941,0.27,0.31,0.55,0.13,0.5,0.0,0.5,0.22,1
942,0.52,0.46,0.56,0.25,0.5,0.0,0.52,0.22,1
943,0.44,0.5,0.55,0.24,0.5,0.0,0.48,0.22,1
944,0.34,0.47,0.48,0.32,0.5,0.0,0.42,0.22,1
945,0.5,0.56,0.63,0.25,0.5,0.0,0.42,0.22,1
946,0.46,0.53,0.47,0.37,0.5,0.0,0.51,0.36,1
947,0.31,0.6,0.65,0.18,0.5,0.0,0.46,0.22,1
948,0.57,0.42,0.63,0.22,0.5,0.0,0.68,0.32,1
949,0.37,0.45,0.53,0.14,0.5,0.0,0.49,0.22,1
950,0.38,0.38,0.54,0.24,0.5,0.0,0.54,0.22,1
951,0.36,0.49,0.55,0.21,0.5,0.0,0.55,0.33,1
952,0.29,0.4,0.5,0.16,0.5,0.0,0.51,0.34,1
953,0.37,0.3,0.51,0.15,0.5,0.0,0.58,0.26,1
954,0.35,0.33,0.48,0.42,0.5,0.0,0.47,0.43,2
955,0.46,0.35,0.69,0.18,0.5,0.0,0.3,0.25,2
955,0.46,0.35,0.69,0.18,0.5,0.0,0.3,0.25,2
956,0.57,0.43,0.52,0.3,0.5,0.0,0.37,0.11,2
957,0.57,0.43,0.52,0.3,0.5,0.0,0.37,0.11,2
958,0.59,0.51,0.48,0.12,0.5,0.0,0.54,0.31,2
958,0.59,0.51,0.48,0.12,0.5,0.0,0.54,0.31,2
959,0.61,0.53,0.59,0.17,0.5,0.0,0.44,0.28,2
960,0.61,0.48,0.56,0.19,0.5,0.0,0.53,0.31,2
960,0.61,0.48,0.56,0.19,0.5,0.0,0.53,0.31,2
961,0.44,0.56,0.52,0.18,0.5,0.0,0.5,0.11,2
962,0.36,0.56,0.52,0.18,0.5,0.0,0.45,0.16,2
963,0.37,0.44,0.64,0.48,0.5,0.0,0.36,0.27,2
964,0.72,0.37,0.63,0.38,0.5,0.0,0.4,0.14,2
964,0.72,0.37,0.63,0.38,0.5,0.0,0.4,0.14,2
965,0.44,0.36,0.64,0.45,0.5,0.0,0.53,0.11,2
966,0.58,0.45,0.55,0.27,0.5,0.0,0.48,0.11,2
967,0.63,0.64,0.45,0.26,0.5,0.0,0.43,0.22,2
967,0.63,0.64,0.45,0.26,0.5,0.0,0.43,0.22,2
968,0.43,0.33,0.67,0.12,0.5,0.0,0.45,0.23,2
969,0.43,0.33,0.67,0.12,0.5,0.0,0.43,0.23,2
970,0.58,0.44,0.5,0.26,0.5,0.0,0.52,0.22,2
971,0.38,0.43,0.53,0.22,0.5,0.0,0.48,0.11,2
972,0.4,0.45,0.61,0.29,0.5,0.0,0.44,0.22,2
973,0.4,0.45,0.61,0.29,0.5,0.0,0.44,0.22,2
974,0.34,0.34,0.65,0.4,0.5,0.0,0.32,0.16,2
974,0.34,0.34,0.65,0.4,0.5,0.0,0.32,0.16,2
975,0.43,0.22,0.79,0.79,0.5,0.0,0.22,0.0,2
976,0.35,0.21,1.0,0.8,0.5,0.0,0.13,0.01,2
976,0.35,0.21,1.0,0.8,0.5,0.0,0.13,0.01,2
977,0.56,0.35,0.47,0.41,0.5,0.0,0.5,0.22,2
978,0.56,0.35,0.47,0.35,0.5,0.0,0.52,0.22,2
979,0.54,0.44,0.55,0.48,0.5,0.0,0.47,0.22,2
980,0.35,0.39,0.56,0.2,0.5,0.0,0.49,0.41,2
981,0.48,0.46,0.58,0.16,0.5,0.0,0.45,0.22,2
982,0.48,0.55,0.48,0.1,0.5,0.0,0.55,0.22,2
983,0.66,0.6,0.52,0.19,0.5,0.0,0.69,0.22,2
984,0.69,0.54,0.55,0.23,0.5,0.0,0.73,0.22,2
985,0.73,0.6,0.47,0.2,0.5,0.0,0.72,0.22,2
986,0.78,0.82,0.56,0.21,0.5,0.0,0.69,0.22,2
987,0.42,0.49,0.49,0.36,0.5,0.0,0.57,0.26,0
988,0.44,0.62,0.53,0.27,0.5,0.0,0.49,0.22,1
989,0.56,0.61,0.52,0.19,0.5,0.0,0.52,0.32,1
990,0.47,0.56,0.46,0.5,0.5,0.0,0.51,0.22,0
991,0.46,0.33,0.45,0.22,0.5,0.0,0.41,0.37,2
992,0.52,0.43,0.61,0.22,0.5,0.0,0.45,0.22,2
993,0.52,0.43,0.61,0.22,0.5,0.0,0.45,0.22,2
994,0.32,0.44,0.54,0.21,0.5,0.0,0.4,0.19,2
994,0.32,0.44,0.54,0.21,0.5,0.0,0.4,0.19,2
995,0.48,0.41,0.52,0.33,0.5,0.0,0.51,0.26,2
996,0.46,0.39,0.54,0.22,0.5,0.0,0.48,0.25,2
996,0.46,0.39,0.54,0.22,0.5,0.0,0.48,0.25,2
997,0.42,0.5,0.64,0.13,0.5,0.0,0.49,0.22,2
998,0.46,0.54,0.59,0.41,0.5,0.0,0.53,0.21,2
999,0.46,0.54,0.59,0.41,0.5,0.0,0.53,0.21,2
1000,0.39,0.65,0.57,0.19,0.5,0.0,0.44,0.25,2
1001,0.39,0.65,0.57,0.19,0.5,0.0,0.43,0.25,2
1002,0.38,0.5,0.52,0.44,0.5,0.0,0.54,0.11,2
1002,0.38,0.5,0.52,0.44,0.5,0.0,0.54,0.11,2
1003,0.51,0.52,0.58,0.17,0.5,0.0,0.47,0.28,2
1004,0.57,0.48,0.54,0.22,0.5,0.0,0.5,0.11,2
1005,0.5,0.5,0.62,0.23,0.5,0.0,0.35,0.11,2
1006,0.41,0.49,0.65,0.28,0.5,0.0,0.59,0.57,2
1007,0.53,0.57,0.6,0.36,0.5,0.0,0.5,0.22,2
1007,0.53,0.57,0.6,0.36,0.5,0.0,0.5,0.22,2
1008,0.37,0.3,0.62,0.43,0.5,0.0,0.44,0.39,2
1008,0.37,0.3,0.62,0.43,0.5,0.0,0.44,0.39,2
1009,0.6,0.57,0.52,0.14,0.5,0.0,0.46,0.48,1
1010,0.42,0.38,0.52,0.29,0.5,0.0,0.42,0.22,1
1011,0.41,0.46,0.58,0.08,0.5,0.0,0.51,0.28,1
1012,0.49,0.4,0.58,0.23,0.5,0.0,0.47,0.27,2
1013,0.37,0.37,0.51,0.38,0.5,0.0,0.44,0.22,2
1014,0.57,0.5,0.4,0.08,0.5,0.0,0.47,0.22,6
1015,0.51,0.4,0.5,0.28,0.5,0.0,0.48,0.27,2
1016,0.34,0.25,0.55,0.28,0.5,0.0,0.51,0.49,2
1017,0.77,0.86,0.44,0.27,0.5,0.0,0.48,0.22,3
1018,0.59,0.54,0.53,0.14,0.5,0.0,0.48,0.22,2
1019,0.5,0.48,0.48,0.23,0.5,0.0,0.53,0.68,2
1020,0.39,1.0,0.38,0.41,0.5,0.0,0.5,0.27,0
1021,0.56,0.42,0.52,0.14,0.5,0.0,0.51,0.22,2
1022,0.39,0.46,0.33,0.18,0.5,0.0,0.53,0.22,6
1023,0.52,0.54,0.47,0.49,0.5,0.0,0.54,0.22,0
1024,0.46,0.49,0.55,0.18,0.5,0.0,0.56,0.22,1
1025,0.56,0.65,0.49,0.56,0.5,0.0,0.49,0.22,0
1026,0.53,0.51,0.55,0.57,0.5,0.0,0.46,0.22,0
1027,0.54,0.64,0.4,0.56,0.5,0.0,0.51,0.22,0
1028,0.47,0.58,0.47,0.52,0.5,0.0,0.54,0.22,0
1029,0.46,0.42,0.51,0.16,0.5,0.0,0.56,0.22,2
1030,0.6,0.51,0.49,0.18,0.5,0.0,0.53,0.38,2
1031,0.85,0.66,0.49,0.18,0.5,0.0,0.51,0.22,3
1032,0.55,0.52,0.44,0.2,0.5,0.0,0.56,0.22,5
1033,0.49,0.38,0.56,0.09,0.5,0.0,0.46,0.22,2
1034,0.38,0.4,0.53,0.12,0.5,0.0,0.55,0.22,2
1035,0.55,0.55,0.52,0.13,0.5,0.0,0.53,0.25,2
1036,0.46,0.44,0.58,0.17,0.5,0.0,0.55,0.22,2
1037,0.34,0.46,0.52,0.19,0.5,0.0,0.53,0.26,2
1038,0.58,0.56,0.46,0.14,0.5,0.0,0.51,0.22,2
1039,0.46,0.47,0.44,0.18,1.0,0.0,0.46,0.22,5
1040,0.44,0.71,0.5,0.21,0.5,0.0,0.54,0.27,2
1041,0.56,0.49,0.32,0.22,0.5,0.0,0.5,0.22,5
1042,0.41,0.49,0.47,0.09,0.5,0.0,0.49,0.22,2
1043,0.44,0.51,0.53,0.3,0.5,0.0,0.53,0.22,2
1044,0.54,0.51,0.56,0.15,0.5,0.0,0.54,0.31,2
1045,0.51,0.51,0.32,0.27,0.5,0.0,0.54,0.22,6
1046,0.46,0.38,0.51,0.2,0.5,0.0,0.51,0.22,2
1047,0.55,0.72,0.35,0.26,0.5,0.0,0.49,0.22,6
1048,0.54,0.44,0.35,0.19,0.5,0.0,0.51,0.27,6
1049,0.65,0.66,0.37,0.12,0.5,0.0,0.52,0.27,6
1050,0.41,0.4,0.56,0.17,0.5,0.0,0.56,0.22,2
1051,0.39,0.71,0.38,0.14,0.5,0.0,0.5,0.22,5
1052,0.37,0.42,0.46,0.15,0.5,0.0,0.51,0.31,5
1053,0.59,0.55,0.57,0.18,0.5,0.0,0.51,0.22,2
1054,0.48,0.51,0.5,0.24,0.5,0.0,0.54,0.38,2
1055,0.39,0.3,0.63,0.2,0.5,0.0,0.43,0.47,2
1056,0.47,0.52,0.54,0.25,0.5,0.0,0.54,0.29,0
1057,0.77,0.82,0.4,0.36,0.5,0.0,0.38,0.22,3
1058,0.52,0.55,0.39,0.09,1.0,0.0,0.55,0.25,6
1059,0.42,0.28,0.33,0.23,0.5,0.0,0.39,0.26,6
1060,0.47,0.37,0.46,0.28,0.5,0.0,0.52,0.99,1
1061,0.48,0.5,0.47,0.29,0.5,0.0,0.46,0.27,1
1062,0.3,0.33,0.55,0.12,0.5,0.0,0.53,0.38,2
1063,0.49,0.49,0.52,0.18,0.5,0.0,0.51,0.25,1
1064,0.54,0.59,0.57,0.34,0.5,0.0,0.49,0.22,1
1065,0.7,0.78,0.53,0.24,0.5,0.0,0.48,0.22,7
1066,0.85,0.69,0.34,0.31,0.5,0.0,0.57,0.3,3
1067,0.56,0.59,0.45,0.15,0.5,0.0,0.54,0.22,0
1068,0.47,0.56,0.53,0.44,0.5,0.0,0.53,0.22,0
1069,0.53,0.49,0.47,0.21,0.5,0.0,0.53,0.22,2
1070,0.7,0.57,0.34,0.19,0.5,0.0,0.53,0.27,5
1071,0.42,0.43,0.67,0.7,0.5,0.0,0.42,0.25,2
1072,0.47,0.44,0.53,0.18,0.5,0.0,0.47,0.29,1
1073,0.4,0.49,0.53,0.23,0.5,0.0,0.44,0.26,1
1074,0.45,0.65,0.51,0.17,0.5,0.0,0.49,0.22,1
1075,0.42,0.42,0.55,0.31,0.5,0.0,0.43,0.22,1
1076,0.45,0.41,0.53,0.49,0.5,0.0,0.49,0.31,1
1077,0.42,0.28,0.49,0.22,0.5,0.0,0.55,0.34,1
1078,0.47,0.5,0.47,0.22,0.5,0.0,0.53,0.45,1
1079,0.33,0.42,0.55,0.23,0.5,0.0,0.52,0.43,1
1080,0.56,0.55,0.57,0.15,0.5,0.0,0.54,0.25,2
1081,0.37,0.47,0.49,0.12,0.5,0.0,0.47,0.31,1
1082,0.32,0.6,0.48,0.13,0.5,0.0,0.53,0.22,1
1083,0.38,0.42,0.31,0.35,0.5,0.0,0.52,0.22,6
1084,0.46,0.56,0.56,0.25,0.5,0.0,0.43,0.22,1
1085,0.47,0.55,0.57,0.17,0.5,0.0,0.52,0.66,1
1086,0.37,0.55,0.52,0.13,0.5,0.0,0.42,0.8,2
1087,0.46,0.48,0.38,0.22,0.5,0.0,0.39,0.45,6
1088,0.8,0.69,0.53,0.33,0.5,0.0,0.51,0.22,5
1089,0.52,0.65,0.36,0.37,0.5,0.0,0.52,0.34,6
1090,0.19,0.16,0.68,0.36,0.5,0.0,0.49,0.21,1
1091,0.64,0.31,0.53,0.15,0.5,0.0,0.53,0.31,2
1092,0.4,0.43,0.36,0.33,0.5,0.0,0.51,0.22,6
1093,0.47,0.56,0.51,0.2,0.5,0.0,0.52,0.59,1
1094,0.4,0.75,0.44,0.12,0.5,0.0,0.49,0.22,1
1095,0.48,0.55,0.58,0.18,0.5,0.0,0.38,0.69,1
1096,0.57,0.51,0.34,0.13,0.5,0.0,0.53,0.27,0
1097,0.23,0.37,0.32,0.13,0.5,0.0,0.53,0.22,0
1098,0.54,0.5,0.51,0.26,0.5,0.0,0.52,0.22,2
1099,0.6,0.64,0.56,0.36,0.5,0.0,0.46,0.27,2
1100,0.27,0.41,0.24,0.2,0.5,0.0,0.49,0.22,6
1101,0.25,0.35,0.22,0.18,0.5,0.0,0.46,0.22,6
1102,0.39,0.45,0.51,0.29,0.5,0.0,0.54,0.22,2
1103,0.33,0.47,0.55,0.24,0.5,0.0,0.45,0.67,1
1104,0.37,0.4,0.38,0.18,0.5,0.0,0.51,0.22,6
1105,0.43,0.47,0.47,0.18,0.5,0.0,0.47,0.22,2
1106,0.66,0.43,0.57,0.6,0.5,0.0,0.19,0.33,1
1107,0.55,0.4,0.62,0.22,0.5,0.0,0.37,0.28,1
1108,0.33,0.46,0.6,0.18,0.5,0.0,0.51,0.26,1
1109,0.51,0.5,0.54,0.11,0.5,0.0,0.6,0.22,1
1110,0.54,0.6,0.57,0.17,0.5,0.0,0.44,0.22,1
1111,0.45,0.57,0.38,0.28,0.5,0.0,0.53,0.31,6
1112,0.55,0.57,0.51,0.07,0.5,0.0,0.55,0.22,2
1113,0.54,0.47,0.58,0.4,0.5,0.0,0.46,0.27,0
1114,0.36,0.32,0.55,0.27,0.5,0.0,0.47,0.43,1
1115,0.46,0.41,0.45,0.23,0.5,0.0,0.48,0.22,1
1116,0.4,0.39,0.6,0.23,0.5,0.0,0.52,0.31,1
1117,0.52,0.47,0.58,0.18,0.5,0.0,0.34,0.11,2
1117,0.52,0.47,0.58,0.18,0.5,0.0,0.34,0.11,2
1118,0.5,0.45,0.51,0.19,0.5,0.0,0.53,0.25,2
1119,0.57,0.55,0.51,0.18,0.5,0.0,0.51,0.43,1
1120,0.44,0.43,0.46,0.28,0.5,0.0,0.45,0.29,1
1121,0.46,0.5,0.5,0.28,0.5,0.0,0.5,0.37,1
1122,0.66,0.65,0.54,0.4,0.5,0.0,0.51,0.22,4
1123,0.77,0.73,0.49,0.46,0.5,0.0,0.38,0.22,4
1124,0.38,0.58,0.46,0.21,0.5,0.0,0.52,0.22,1
1125,0.32,0.68,0.51,0.16,0.5,0.83,0.55,0.22,8
1126,0.27,0.46,0.52,0.17,0.5,0.0,0.49,0.44,1
1127,0.52,0.45,0.45,0.13,0.5,0.0,0.48,0.22,1
1128,0.37,0.29,0.45,0.15,0.5,0.0,0.49,0.22,1
1129,0.37,0.48,0.67,0.37,0.5,0.0,0.56,0.62,1
1130,0.44,0.59,0.54,0.18,0.5,0.0,0.49,0.22,1
1131,0.48,0.65,0.36,0.24,0.5,0.0,0.54,0.31,1
1132,0.59,0.49,0.45,0.22,0.5,0.0,0.45,0.31,1
1133,0.73,0.52,0.59,0.25,0.5,0.0,0.51,0.22,1
1134,0.5,0.43,0.5,0.17,0.5,0.0,0.46,0.47,1
1135,0.23,0.13,0.51,0.16,0.5,0.0,0.53,0.51,1
1136,0.49,0.6,0.54,0.35,0.5,0.0,0.53,0.46,1
1137,0.52,0.31,0.56,0.16,0.5,0.0,0.55,0.22,1
1138,0.49,0.48,0.51,0.21,0.5,0.0,0.53,0.22,1
1139,0.49,0.6,0.42,0.18,0.5,0.0,0.58,0.28,1
1140,0.6,0.62,0.54,0.11,0.5,0.0,0.51,0.22,1
1141,0.55,0.47,0.53,0.2,0.5,0.0,0.4,0.22,1
1142,0.47,0.32,0.51,0.24,0.5,0.0,0.54,0.27,1
1143,0.53,0.25,0.59,0.27,0.5,0.0,0.45,0.26,1
1144,0.31,0.5,0.54,0.32,0.5,0.0,0.53,0.31,1
1145,0.25,0.33,0.48,0.18,0.5,0.0,0.42,0.33,1
1146,0.55,0.46,0.47,0.15,0.5,0.0,0.47,0.22,6
1147,0.61,0.5,0.61,0.21,0.5,0.0,0.55,0.54,2
1148,0.5,0.52,0.51,0.22,0.5,0.0,0.46,0.37,2
1149,0.62,0.33,0.49,0.24,0.5,0.0,0.51,0.42,2
1150,0.56,0.52,0.46,0.17,0.5,0.0,0.49,0.73,2
1151,0.52,0.56,0.55,0.16,0.5,0.0,0.53,0.39,2
1152,0.53,0.48,0.51,0.18,0.5,0.0,0.52,0.27,2
1153,0.51,0.48,0.51,0.19,0.5,0.0,0.51,0.27,2
1154,0.51,0.48,0.51,0.26,0.5,0.0,0.51,0.27,2
1155,0.53,0.48,0.51,0.18,0.5,0.0,0.51,0.27,2
1156,0.6,0.46,0.51,0.1,0.5,0.0,0.48,0.31,2
1157,0.6,0.46,0.51,0.1,0.5,0.0,0.48,0.31,2
1158,0.44,0.39,0.63,0.11,0.5,0.0,0.49,0.26,1
1159,0.51,0.5,0.49,0.45,0.5,0.0,0.48,0.22,0
1160,0.45,0.45,0.51,0.3,0.5,0.0,0.48,0.44,2
1161,0.38,0.42,0.47,0.12,0.5,0.0,0.47,0.53,1
1162,0.19,0.66,0.6,0.14,0.5,0.0,0.2,0.25,1
1163,0.41,0.42,0.23,0.16,0.5,0.0,0.4,0.22,6
1164,0.25,0.42,0.21,0.14,0.5,0.0,0.41,0.22,6
1165,0.7,0.58,0.53,0.39,0.5,0.0,0.59,0.22,4
1166,0.49,0.31,0.43,0.24,0.5,0.0,0.54,0.22,6
1167,0.46,0.41,0.43,0.18,0.5,0.0,0.54,0.22,6
1168,0.83,0.81,0.45,0.38,0.5,0.0,0.4,0.26,4
1169,0.38,0.51,0.56,0.21,0.5,0.0,0.48,0.31,1
1170,0.32,0.36,0.28,0.38,0.5,0.0,0.5,0.4,6
1171,0.4,0.65,0.38,0.17,0.5,0.0,0.57,0.22,6
1172,0.36,0.37,0.63,0.25,0.5,0.0,0.3,0.22,2
1173,0.49,0.55,0.41,0.19,0.5,0.0,0.48,0.31,6
1174,0.3,0.45,0.55,0.19,0.5,0.0,0.53,0.4,2
1175,0.88,0.72,0.32,0.3,0.5,0.0,0.52,0.33,3
1176,0.44,0.4,0.53,0.19,0.5,0.0,0.48,0.27,2
1177,0.45,0.57,0.52,0.21,0.5,0.0,0.54,0.38,1
1178,0.46,0.61,0.38,0.35,0.5,0.0,0.49,0.22,6
1179,0.55,0.41,0.67,0.61,0.5,0.0,0.49,0.14,0
1180,0.28,0.18,0.72,0.26,0.5,0.0,0.49,0.25,0
1181,0.66,0.65,0.53,0.17,0.5,0.0,0.47,0.66,1
1182,0.36,0.5,0.39,0.23,0.5,0.0,0.5,0.22,6
1183,0.48,0.54,0.56,0.29,0.5,0.0,0.51,0.43,1
1184,0.33,0.37,0.49,0.22,0.5,0.0,0.55,0.22,2
1185,0.58,0.43,0.32,0.11,0.5,0.0,0.49,0.22,7
1186,0.58,0.64,0.42,0.3,0.5,0.0,0.54,0.22,1
1187,0.74,0.82,0.46,0.24,0.5,0.0,0.5,0.31,4
1188,0.74,0.82,0.46,0.24,0.5,0.0,0.48,0.22,4
1189,0.75,0.76,0.58,0.22,0.5,0.0,0.49,0.22,4
1190,0.58,0.37,0.58,0.16,0.5,0.0,0.51,0.22,1
1191,0.39,0.39,0.65,0.16,0.5,0.0,0.45,0.22,2
1192,0.51,0.59,0.55,0.21,0.5,0.0,0.52,0.22,2
1193,0.41,0.35,0.6,0.22,0.5,0.0,0.56,0.79,2
1194,0.43,0.28,0.41,0.32,0.5,0.0,0.52,0.22,6
1195,0.41,0.49,0.55,0.13,0.5,0.0,0.55,0.22,2
1196,0.23,0.29,0.46,0.0,0.5,0.0,0.43,0.31,2
1197,0.25,0.48,0.45,0.32,0.5,0.0,0.4,0.22,2
1198,0.38,0.34,0.55,0.44,0.5,0.0,0.48,0.26,2
1199,0.61,0.54,0.54,0.38,0.5,0.0,0.54,0.29,0
1200,0.48,0.17,0.37,0.33,0.5,0.0,0.44,0.36,1
1201,0.47,0.47,0.5,0.19,0.5,0.0,0.51,0.26,1
1202,0.55,0.38,0.52,0.16,0.5,0.0,0.49,0.64,1
1203,0.41,0.39,0.61,0.17,0.5,0.0,0.5,0.61,1
1204,0.41,0.56,0.53,0.16,0.5,0.0,0.55,0.26,1
1205,0.78,0.73,0.27,0.28,0.5,0.0,0.56,0.22,3
1206,0.31,0.51,0.38,0.18,0.5,0.0,0.46,0.31,6
1207,0.63,0.64,0.49,0.2,0.5,0.0,0.52,0.25,2
1208,0.31,0.4,0.31,0.17,0.5,0.0,0.52,0.22,6
1209,0.44,0.65,0.49,0.16,0.5,0.0,0.48,0.31,1
1210,0.48,0.44,0.46,0.37,0.5,0.0,0.46,0.36,2
1211,0.5,0.49,0.46,0.22,0.5,0.0,0.53,0.25,2
1212,0.62,0.42,0.47,0.16,0.5,0.0,0.52,0.22,2
1213,0.5,0.45,0.52,0.18,0.5,0.0,0.52,0.22,2
1214,0.59,0.51,0.47,0.21,0.5,0.0,0.47,0.22,2
1215,0.39,0.47,0.49,0.2,0.5,0.0,0.53,0.26,2
1216,0.49,0.48,0.52,0.24,0.5,0.0,0.5,0.22,2
1217,0.59,0.48,0.49,0.42,0.5,0.0,0.52,0.22,2
1218,0.57,0.35,0.5,0.43,0.5,0.0,0.53,0.22,2
1219,0.61,0.52,0.5,0.44,0.5,0.0,0.53,0.22,2
1220,0.49,0.51,0.52,0.13,0.5,0.0,0.51,0.33,1
1221,0.45,0.4,0.56,0.15,0.5,0.0,0.52,0.22,1
1222,0.63,0.43,0.48,0.11,0.5,0.0,0.51,0.22,2
1222,0.63,0.43,0.48,0.11,0.5,0.0,0.51,0.22,2
1223,0.52,0.45,0.53,0.34,0.5,0.0,0.52,0.44,2
1224,0.54,0.48,0.55,0.33,0.5,0.0,0.55,0.4,2
1225,0.55,0.79,0.45,0.25,0.5,0.0,0.51,0.22,1
1226,0.58,0.51,0.63,0.2,0.5,0.0,0.5,0.42,1
1227,0.63,0.58,0.57,0.1,0.5,0.0,0.52,0.33,1
1228,0.54,0.67,0.56,0.15,0.5,0.0,0.57,0.33,1
1229,0.41,0.59,0.65,0.14,0.5,0.0,0.49,0.33,1
1230,0.47,0.38,0.5,0.15,0.5,0.0,0.49,0.47,1
1231,0.33,0.17,0.52,0.13,0.5,0.0,0.51,0.75,1
1232,0.42,0.5,0.59,0.17,0.5,0.0,0.51,0.22,2
1233,0.54,0.55,0.55,0.4,0.5,0.0,0.53,0.22,2
1234,0.31,0.31,0.57,0.15,0.5,0.0,0.5,0.22,2
1235,0.38,0.42,0.5,0.19,0.5,0.0,0.44,0.22,2
1236,0.33,0.36,0.62,0.26,0.5,0.0,0.55,0.22,2
1235,0.38,0.42,0.5,0.19,0.5,0.0,0.44,0.22,2
1237,0.47,0.56,0.58,0.19,0.5,0.0,0.44,0.64,2
1238,0.32,0.32,0.52,0.18,0.5,0.0,0.48,0.34,2
1239,0.28,0.27,0.5,0.14,0.5,0.0,0.5,0.28,2
1240,0.41,0.46,0.57,0.25,0.5,0.0,0.57,0.38,2
1241,0.44,0.54,0.51,0.16,0.5,0.0,0.58,0.22,2
1242,0.44,0.55,0.51,0.16,0.5,0.0,0.6,0.22,2
1243,0.77,0.7,0.44,0.29,0.5,0.0,0.56,0.22,3
1244,0.4,0.56,0.53,0.15,0.5,0.0,0.49,0.22,2
1245,0.79,0.79,0.42,0.26,0.5,0.0,0.6,0.22,3
1246,0.8,0.83,0.43,0.24,0.5,0.0,0.54,0.22,3
1247,0.58,0.55,0.51,0.13,0.5,0.0,0.52,0.22,2
1248,0.55,0.69,0.51,0.12,0.5,0.0,0.51,0.22,2
1249,0.47,0.46,0.53,0.12,0.5,0.0,0.51,0.25,1
1250,0.57,0.29,0.63,0.22,0.5,0.0,0.49,0.27,1
1251,0.52,0.49,0.59,0.21,0.5,0.0,0.47,0.22,1
1252,0.41,0.42,0.53,0.17,0.5,0.0,0.48,0.58,1
1253,0.45,0.36,0.5,0.19,0.5,0.0,0.53,0.7,1
1254,0.53,0.51,0.54,0.21,0.5,0.0,0.45,0.22,1
1255,0.49,0.5,0.42,0.43,0.5,0.0,0.5,0.36,7
1256,0.44,0.49,0.49,0.27,0.5,0.0,0.52,0.22,2
1257,0.25,0.26,0.53,0.17,0.5,0.0,0.45,0.22,2
1258,0.49,0.46,0.54,0.18,0.5,0.0,0.35,0.22,2
1259,0.42,0.37,0.54,0.17,0.5,0.0,0.51,0.22,2
1260,0.42,0.45,0.75,0.21,0.5,0.0,0.48,0.22,2
1261,0.39,0.45,0.75,0.17,0.5,0.0,0.51,0.22,2
1262,0.63,0.54,0.53,0.27,0.5,0.0,0.49,0.22,2
1263,0.54,0.43,0.48,0.27,0.5,0.0,0.44,0.41,2
1264,0.4,0.44,0.5,0.13,0.5,0.0,0.52,0.39,2
1265,0.55,0.39,0.39,0.47,0.5,0.0,0.5,0.83,6
1266,0.59,0.48,0.41,0.53,0.5,0.0,0.48,0.56,6
1267,0.49,0.38,0.49,0.15,0.5,0.0,0.53,0.25,1
1268,0.53,0.45,0.52,0.29,0.5,0.0,0.55,0.38,0
1269,0.62,0.6,0.54,0.22,0.5,0.0,0.54,0.27,2
1270,0.33,0.46,0.53,0.12,0.5,0.0,0.5,0.27,2
1271,0.57,0.36,0.51,0.25,0.5,0.0,0.54,0.25,2
1272,0.45,0.76,0.51,0.25,0.5,0.0,0.59,0.22,2
1273,0.48,0.44,0.51,0.24,0.5,0.0,0.49,0.22,2
1274,0.59,0.64,0.44,0.26,0.5,0.0,0.5,0.22,2
1275,0.79,0.56,0.53,0.19,0.5,0.0,0.47,0.35,2
1276,0.5,0.5,0.48,0.34,0.5,0.0,0.52,0.27,1
1277,0.79,0.62,0.35,0.35,0.5,0.0,0.6,0.28,5
1278,0.52,0.5,0.6,0.2,0.5,0.0,0.52,0.22,2
1279,0.59,0.46,0.57,0.17,0.5,0.0,0.52,0.22,2
1280,0.53,0.42,0.53,0.19,0.5,0.0,0.47,0.22,2
1281,0.59,0.46,0.55,0.17,0.5,0.0,0.52,0.25,2
1282,0.61,0.73,0.5,0.58,0.5,0.0,0.5,0.22,0
1283,0.5,0.43,0.56,0.17,0.5,0.0,0.35,0.22,1
1284,0.36,0.52,0.61,0.33,0.5,0.0,0.52,0.37,1
1285,0.66,0.54,0.53,0.17,0.5,0.0,0.54,0.22,2
1286,0.52,0.51,0.48,0.12,0.5,0.0,0.54,0.31,2
1287,0.56,0.46,0.51,0.25,0.5,0.0,0.54,0.22,2
1288,0.47,0.46,0.49,0.27,0.5,0.0,0.59,0.22,2
1289,0.5,0.46,0.49,0.27,0.5,0.0,0.6,0.22,2
1290,0.43,0.48,0.36,0.26,0.5,0.0,0.52,0.22,6
1291,0.5,0.44,0.57,0.28,0.5,0.0,0.57,0.22,2
1292,0.46,0.47,0.62,0.3,0.5,0.0,0.38,0.22,2
1293,0.59,0.7,0.46,0.19,0.5,0.0,0.54,0.44,2
1294,0.19,0.41,0.55,0.13,0.5,0.0,0.52,0.25,2
1295,0.27,0.43,0.5,0.13,0.5,0.0,0.54,0.31,2
1296,0.42,0.46,0.44,0.17,0.5,0.0,0.51,0.42,2
1297,0.49,0.36,0.47,0.28,0.5,0.0,0.56,0.54,1
1298,0.42,0.51,0.33,0.16,0.5,0.0,0.54,0.22,6
1299,0.34,0.42,0.48,0.19,0.5,0.0,0.46,0.31,1
1300,0.6,0.57,0.63,0.22,0.5,0.0,0.5,0.49,1
1301,0.53,0.44,0.54,0.52,0.5,0.0,0.49,0.38,1
1302,0.48,0.39,0.56,0.23,0.5,0.0,0.6,0.22,2
1303,0.56,0.49,0.47,0.13,0.5,0.0,0.52,0.22,1
1304,0.47,0.59,0.56,0.09,0.5,0.0,0.5,0.22,2
1305,0.4,0.28,0.58,0.44,0.5,0.0,0.41,0.22,2
1306,0.54,0.35,0.55,0.19,0.5,0.0,0.3,0.22,2
1307,0.5,0.47,0.45,0.14,0.5,0.0,0.53,0.32,6
1308,0.55,0.49,0.6,0.18,0.5,0.0,0.51,0.22,1
1309,0.55,0.44,0.5,0.09,0.5,0.0,0.55,0.22,7
1310,0.66,0.37,0.6,0.25,0.5,0.0,0.69,0.22,0
1311,0.51,0.49,0.48,0.55,0.5,0.0,0.52,0.58,2
1312,0.36,0.51,0.51,0.17,0.5,0.0,0.52,0.22,7
1313,0.68,0.68,0.35,0.16,0.5,0.0,0.62,0.22,7
1314,0.44,0.35,0.55,0.14,0.5,0.0,0.52,0.22,7
1315,0.73,0.59,0.35,0.15,0.5,0.0,0.54,0.22,7
1316,0.6,0.37,0.52,0.15,0.5,0.0,0.55,0.26,7
1317,0.64,0.61,0.56,0.15,0.5,0.0,0.54,0.22,7
1318,0.48,0.58,0.58,0.12,0.5,0.0,0.49,0.22,7
1319,0.65,0.58,0.53,0.21,0.5,0.0,0.51,0.22,7
1320,0.48,0.49,0.49,0.26,0.5,0.0,0.39,0.27,7
1321,0.57,0.54,0.32,0.15,0.5,0.0,0.52,0.25,7
1322,0.4,0.36,0.32,0.16,0.5,0.0,0.51,0.27,7
1323,0.5,0.55,0.52,0.16,0.5,0.0,0.51,0.31,2
1324,0.65,0.63,0.47,0.22,0.5,0.0,0.52,0.27,2
1325,0.41,0.48,0.51,0.2,0.5,0.0,0.51,0.22,2
1326,0.25,0.4,0.54,0.16,0.5,0.0,0.43,0.22,2
1327,0.63,0.56,0.52,0.21,0.5,0.0,0.5,0.22,2
1328,0.56,0.68,0.42,0.36,0.5,0.0,0.49,0.22,2
1329,0.57,0.47,0.48,0.17,0.5,0.0,0.52,0.26,7
1330,0.46,0.52,0.51,0.13,0.5,0.0,0.47,0.22,2
1331,0.5,0.4,0.57,0.17,0.5,0.0,0.59,0.22,2
1332,0.78,0.71,0.35,0.25,0.5,0.0,0.49,0.22,3
1333,0.64,0.56,0.52,0.17,0.5,0.0,0.54,0.47,1
1334,1.0,0.8,0.29,0.36,0.5,0.0,0.52,0.22,3
1335,0.51,0.39,0.56,0.55,0.5,0.0,0.46,0.64,0
1336,0.69,0.66,0.36,0.09,0.5,0.0,0.56,0.22,3
1337,0.4,0.45,0.45,0.15,0.5,0.0,0.53,0.48,1
1338,0.49,0.53,0.36,0.15,0.5,0.0,0.52,0.27,6
1339,0.39,0.63,0.41,0.27,0.5,0.0,0.49,0.22,6
1340,0.45,0.51,0.43,0.22,0.5,0.0,0.57,0.22,1
1341,0.77,0.78,0.27,0.37,0.5,0.0,0.49,0.22,3
1342,0.88,0.75,0.41,0.36,0.5,0.0,0.43,0.22,5
1343,0.49,0.49,0.4,0.2,0.5,0.0,0.48,0.26,6
1344,0.57,0.53,0.6,0.28,0.5,0.0,0.52,0.45,1
1345,0.53,0.52,0.49,0.27,0.5,0.0,0.51,0.22,2
1346,0.5,0.47,0.56,0.31,0.5,0.0,0.56,0.26,2
1347,0.71,0.79,0.41,0.38,0.5,0.0,0.54,0.22,3
1348,0.33,0.49,0.46,0.22,0.5,0.0,0.53,0.33,6
1349,0.47,0.41,0.46,0.18,0.5,0.0,0.53,0.22,6
1350,0.45,0.39,0.46,0.29,0.5,0.0,0.42,0.22,0
1351,0.59,0.56,0.5,0.48,0.5,0.0,0.46,0.22,0
1352,0.32,0.3,0.57,0.38,0.5,0.0,0.5,0.25,1
1353,0.26,0.3,0.37,0.15,0.5,0.0,0.53,0.25,6
1354,0.28,0.41,0.46,0.18,0.5,0.0,0.47,0.39,1
1355,0.45,0.5,0.43,0.16,0.5,0.0,0.52,0.28,6
1356,0.24,0.25,0.57,0.28,0.5,0.0,0.51,0.11,2
1357,0.46,0.61,0.55,0.29,0.5,0.0,0.49,0.22,0
1358,0.54,0.44,0.38,0.22,0.5,0.0,0.54,0.3,6
1359,0.22,0.53,0.36,0.22,0.5,0.0,0.54,0.31,6
1360,0.25,0.41,0.47,0.14,0.5,0.0,0.56,0.68,1
1361,0.43,0.41,0.37,0.18,0.5,0.0,0.54,0.31,6
1362,0.4,0.44,0.47,0.25,0.5,0.0,0.54,0.56,1
1363,0.46,0.59,0.38,0.12,0.5,0.0,0.5,0.22,6
1364,0.8,0.82,0.4,0.31,0.5,0.0,0.57,0.25,3
1365,0.29,0.39,0.46,0.36,0.5,0.0,0.51,0.22,1
1366,0.4,0.4,0.43,0.19,0.5,0.83,0.48,0.22,8
1367,0.57,0.52,0.46,0.2,0.5,0.83,0.52,0.41,8
1368,0.43,0.6,0.4,0.12,0.5,0.0,0.49,0.29,6
1369,0.56,0.71,0.47,0.21,0.5,0.0,0.52,0.22,0
1370,0.65,0.62,0.26,0.33,0.5,0.0,0.55,0.22,6
1371,0.77,0.7,0.37,0.12,0.5,0.0,0.49,0.26,3
1372,0.47,0.61,0.32,0.27,0.5,0.0,0.5,0.3,6
1373,0.71,0.51,0.49,0.23,0.5,0.0,0.3,0.32,5
1374,0.59,0.48,0.49,0.49,0.5,0.0,0.36,0.32,2
1375,0.58,0.63,0.52,0.7,0.5,0.0,0.46,0.22,0
1376,0.3,0.68,0.41,0.17,0.5,0.0,0.51,0.22,6
1377,0.74,0.73,0.32,0.2,0.5,0.0,0.55,0.22,3
1378,0.55,0.35,0.36,0.29,0.5,0.0,0.51,0.22,6
1379,0.35,0.32,0.31,0.16,0.5,0.0,0.56,0.22,6
1380,0.67,0.61,0.39,0.24,0.5,0.0,0.51,0.22,6
1381,0.69,0.57,0.39,0.19,0.5,0.0,0.48,0.39,5
1382,0.47,0.41,0.53,0.27,0.5,0.0,0.47,0.25,0
1383,0.39,0.56,0.34,0.18,0.5,0.0,0.49,0.22,6
1384,0.51,0.38,0.42,0.21,0.5,0.0,0.46,0.34,6
1385,0.32,0.45,0.39,0.14,0.5,0.0,0.45,0.22,6
1386,0.75,0.73,0.35,0.33,0.5,0.0,0.49,0.28,3
1387,0.54,0.54,0.56,0.18,0.5,0.0,0.46,0.29,1
1388,0.71,0.64,0.42,0.28,0.5,0.0,0.43,0.22,4
1389,0.28,0.48,0.36,0.16,0.5,0.0,0.53,0.22,6
1390,0.58,0.44,0.45,0.32,0.5,0.0,0.52,0.37,1
1391,0.52,0.65,0.36,0.26,0.5,0.0,0.44,0.22,6
1392,0.64,0.44,0.56,0.15,0.5,0.0,0.56,0.22,2
1393,0.48,0.58,0.47,0.17,0.5,0.0,0.53,0.74,2
1394,0.42,0.71,0.45,0.15,0.5,0.0,0.48,0.22,6
1395,0.38,0.37,0.36,0.14,0.5,0.0,0.54,0.22,6
1396,0.4,0.4,0.44,0.37,0.5,0.0,0.53,0.25,1
1397,0.38,0.56,0.38,0.16,0.5,0.0,0.53,0.22,6
1398,0.8,0.79,0.43,0.25,0.5,0.0,0.52,0.22,4
1399,0.63,0.65,0.42,0.18,0.5,0.0,0.54,0.27,6
1400,0.47,0.4,0.63,0.19,0.5,0.0,0.52,0.32,1
1401,0.83,0.94,0.32,0.21,0.5,0.0,0.51,0.22,3
1402,0.61,0.76,0.3,0.16,0.5,0.0,0.45,0.41,6
1403,0.33,0.38,0.47,0.14,0.5,0.0,0.51,0.47,1
1404,0.38,0.67,0.33,0.17,0.5,0.0,0.51,0.22,6
1405,0.39,0.33,0.33,0.23,0.5,0.0,0.47,0.22,6
1406,0.5,0.63,0.45,0.13,0.5,0.0,0.45,0.32,6
1407,0.2,0.6,0.5,0.29,0.5,0.0,0.51,0.22,6
1408,0.29,0.26,0.43,0.17,0.5,0.0,0.55,0.3,6
1409,0.51,0.46,0.41,0.36,0.5,0.0,0.49,0.22,6
1410,0.92,0.66,0.52,0.23,0.5,0.0,0.53,0.22,3
1411,0.49,0.56,0.37,0.2,0.5,0.0,0.53,0.22,6
1412,0.86,0.78,0.34,0.15,0.5,0.0,0.53,0.22,5
1413,0.38,0.44,0.57,0.14,0.5,0.0,0.53,0.52,1
1414,0.72,0.73,0.41,0.28,0.5,0.0,0.44,0.22,3
1415,0.8,0.73,0.47,0.19,0.5,0.0,0.49,0.22,3
1416,0.49,0.55,0.35,0.23,0.5,0.0,0.57,0.22,6
1417,0.63,0.71,0.44,0.53,0.5,0.0,0.52,0.22,5
1418,0.6,0.68,0.3,0.27,0.5,0.0,0.55,0.22,6
1419,0.4,0.43,0.49,0.17,0.5,0.0,0.51,0.36,1
1420,0.82,0.63,0.47,0.18,0.5,0.0,0.5,0.22,8
1421,0.77,0.68,0.35,0.19,0.5,0.0,0.53,0.43,3
1422,0.51,0.59,0.46,0.13,0.5,0.0,0.48,0.22,0
1423,0.52,0.46,0.34,0.2,0.5,0.0,0.51,0.25,6
1424,0.47,0.5,0.6,0.63,0.5,0.0,0.38,0.16,2
1425,0.34,0.24,0.51,0.15,0.5,0.0,0.54,0.4,1
1426,0.35,0.29,0.46,0.14,0.5,0.0,0.54,0.66,1
1427,0.58,0.67,0.49,0.16,0.5,0.0,0.47,0.28,0
1428,0.85,0.85,0.3,0.31,0.5,0.0,0.55,0.42,3
1429,0.36,0.48,0.61,0.26,0.5,0.0,0.5,0.16,1
1430,0.41,0.25,0.59,0.44,0.5,0.0,0.6,0.69,1
1431,0.3,0.37,0.4,0.45,0.5,0.0,0.48,0.41,6
1432,0.57,0.59,0.49,0.86,0.5,0.0,0.47,0.22,1
1433,0.38,0.4,0.39,0.19,0.5,0.0,0.46,0.62,1
1434,0.77,0.74,0.37,0.29,0.5,0.0,0.45,0.22,3
1435,0.47,0.38,0.58,0.19,0.5,0.0,0.57,0.22,2
1436,0.5,0.61,0.44,0.2,0.5,0.0,0.49,0.22,0
1437,0.41,0.45,0.46,0.23,0.5,0.0,0.5,0.7,2
1438,0.46,0.62,0.46,0.54,0.5,0.0,0.51,0.27,0
1439,0.74,0.75,0.45,0.44,0.5,0.0,0.52,0.22,8
1440,0.52,0.53,0.58,0.69,0.5,0.0,0.5,0.22,0
1441,0.41,0.47,0.5,0.14,0.5,0.0,0.53,0.37,1
1442,0.25,0.4,0.52,0.15,0.5,0.0,0.56,0.28,1
1443,0.58,0.56,0.38,0.39,0.5,0.0,0.54,0.57,1
1444,0.32,0.29,0.29,0.08,0.5,0.0,0.52,0.22,6
1445,0.38,0.48,0.57,0.3,0.5,0.0,0.41,0.11,2
1446,0.39,0.58,0.47,0.18,0.5,0.0,0.48,0.22,0
1447,0.38,0.47,0.47,0.18,0.5,0.0,0.44,0.26,0
1448,0.63,0.57,0.5,0.48,0.5,0.0,0.51,0.22,0
1449,0.51,0.45,0.62,0.25,0.5,0.0,0.59,0.22,0
1450,0.59,0.67,0.54,0.19,0.5,0.0,0.48,0.6,1
1451,0.6,0.61,0.54,0.11,0.5,0.0,0.46,0.22,2
1452,0.48,0.61,0.57,0.17,0.5,0.0,0.45,0.22,2
1453,0.71,0.5,0.5,0.18,0.5,0.0,0.46,0.22,2
1454,0.61,0.48,0.54,0.25,0.5,0.0,0.5,0.22,2
1455,0.38,0.32,0.64,0.41,0.5,0.0,0.44,0.11,2
1456,0.38,0.4,0.66,0.35,0.5,0.0,0.43,0.11,2
1457,0.81,0.62,0.43,0.17,0.5,0.0,0.53,0.22,5
1458,0.47,0.43,0.61,0.4,0.5,0.0,0.48,0.47,1
1459,0.67,0.57,0.36,0.19,0.5,0.0,0.56,0.22,5
1460,0.43,0.4,0.6,0.16,0.5,0.0,0.53,0.39,1
1461,0.65,0.54,0.54,0.13,0.5,0.0,0.53,0.22,2
